feature,importance
t01__Oil_Pressure_bar_past_mean10,0.15348965
t03__Oil_Pressure_bar_past_mean10,0.14608471
t07__Oil_Pressure_bar_past_mean10,0.08044874
t01__Engine_Vibration_mm_s_past_mean10,0.049467754
t02__Oil_Pressure_bar_past_mean10,0.03972779
t05__Engine_Vibration_mm_s_past_mean10,0.035529125
t04__Oil_Pressure_bar_past_mean10,0.03445614
t25__Oil_Pressure_bar_past_mean10,0.027796326
t15__Oil_Pressure_bar_past_mean10,0.02623522
t11__Engine_Vibration_mm_s_past_mean10,0.024142703
t06__Brake_Pad_Wear_pct,0.02180489
t13__Oil_Pressure_bar_past_mean10,0.020710647
t09__Oil_Pressure_bar_past_mean10,0.015709369
t16__Oil_Pressure_bar_past_mean10,0.014343661
t29__Oil_Pressure_bar_past_mean10,0.010935339
t24__Brake_Pad_Wear_pct,0.0098272925
t29__Engine_Vibration_mm_s_past_mean10,0.009685793
t14__Engine_Vibration_mm_s_past_mean10,0.0080951685
t13__Engine_Vibration_mm_s_past_mean10,0.0076926453
t28__Brake_Pad_Wear_pct,0.0074561154
t00__Engine_Vibration_mm_s_past_mean10,0.007060263
t01__Odometer_per_Hour,0.0070226393
t09__Brake_Pad_Wear_pct,0.0068677003
t26__Engine_Vibration_mm_s_past_mean10,0.006402402
t10__Oil_Pressure_bar_past_mean10,0.006297881
t20__Oil_Pressure_bar_past_mean10,0.0054277293
t17__Operating_Hours,0.00507893
t06__Engine_Vibration_mm_s_past_mean10,0.00450309
t29__Brake_Pad_Wear_pct,0.004308039
t22__Engine_Vibration_mm_s_past_mean10,0.003954738
t27__Oil_Pressure_bar_past_mean10,0.0039356453
t04__Engine_Vibration_mm_s_past_mean10,0.0038721946
t28__Engine_Vibration_mm_s_past_mean10,0.003738464
t00__Oil_Pressure_bar_past_mean10,0.0035372882
t09__Fuel_Level_pct_past_mean10,0.0033756127
t13__Fuel_Level_pct_past_mean10,0.003272531
t13__Brake_Pad_Wear_pct,0.003008616
t12__Oil_Pressure_bar_past_mean10,0.002960621
t20__Engine_Vibration_mm_s_past_mean10,0.0029129626
t14__Oil_Pressure_bar_past_mean10,0.0029110697
t12__Fuel_Level_pct_past_mean10,0.0027918941
t21__Oil_Pressure_bar_past_mean10,0.0027077633
t10__Engine_Vibration_mm_s_past_mean10,0.0026303846
t13__Operating_Hours,0.0024789178
t28__Oil_Pressure_bar_past_mean10,0.0024459092
t11__Oil_Pressure_bar_past_mean10,0.0022738876
t10__Odometer_km,0.0022249161
t26__Oil_Pressure_bar_past_mean10,0.0022247385
t19__Engine_Vibration_mm_s_past_mean10,0.0021746948
t23__Operating_Hours,0.00212845
t19__Oil_Pressure_bar_past_mean10,0.0020890848
t14__Operating_Hours,0.001942978
t07__BrakeWear_per_Hour,0.0019218355
t24__Engine_Vibration_mm_s_past_mean10,0.0018349277
t03__Operating_Hours,0.0018137379
t01__Brake_Pad_Wear_pct_past_mean10,0.0018105634
t17__Brake_Pad_Wear_pct,0.0017421443
t05__Fuel_Level_pct_past_mean10,0.001708381
t24__Oil_Pressure_bar_past_mean10,0.0016405932
t18__Engine_Vibration_mm_s_past_mean10,0.0016103517
t24__Fuel_Level_pct_past_mean10,0.0015780396
t05__Odometer_km,0.0015499956
t16__BrakeWear_per_Hour,0.0015158162
t25__Operating_Hours,0.0015077759
t22__Battery_Voltage_V,0.0014637599
t10__Operating_Hours,0.0014055674
t29__Fuel_Level_pct_past_mean10,0.001403492
t03__Fuel_Level_pct,0.0013809926
t25__Brake_Pad_Wear_pct,0.0013778252
t29__Operating_Hours,0.0013306105
t21__Fuel_Level_pct_past_mean10,0.0013058778
t02__Engine_Vibration_mm_s_past_mean10,0.0013029687
t11__BrakeWear_per_Hour,0.0012955602
t09__Operating_Hours,0.0012945426
t00__Brake_Pad_Wear_pct_past_mean10,0.0012845655
t28__Battery_Voltage_V,0.0012840822
t29__BrakeWear_per_Hour,0.0012353242
t00__Odometer_km,0.0012022739
t08__BrakeWear_per_Hour,0.0011703449
t06__Odometer_km,0.0011475002
t24__BrakeWear_per_Hour,0.0011454332
t07__Odometer_km,0.0010637838
t15__Engine_Vibration_mm_s_past_mean10,0.001062055
t28__Fuel_Level_pct_past_mean10,0.0010391589
t00__Odometer_per_Hour,0.0010068135
t00__Brake_Pad_Wear_pct,0.0010019982
t28__Operating_Hours,0.0009793193
t20__Fuel_Level_pct_past_mean10,0.0009650608
t10__Odometer_per_Hour,0.0009374983
t04__Odometer_per_Hour,0.0009228621
t27__Odometer_per_Hour,0.00091502734
t03__Fuel_Level_pct_past_mean10,0.0009024157
t02__Odometer_per_Hour,0.0008914031
t27__Odometer_km,0.000889339
t06__Oil_Pressure_bar_past_mean10,0.00088469026
t21__Odometer_km,0.00086210284
t22__Oil_Pressure_bar_past_mean10,0.00086037384
t29__Brake_Pad_Wear_pct_past_std10,0.00084940356
t03__Odometer_km,0.00084272726
t19__Operating_Hours,0.0008237265
t03__Oil_Pressure_bar_past_std10,0.00079244777
t26__Brake_Pad_Wear_pct,0.0007834087
t16__Engine_RPM_past_std10,0.00078058994
t29__Odometer_km,0.00077900506
t28__Fuel_Level_pct,0.00077660166
t08__Odometer_per_Hour,0.0007718885
t17__Engine_Vibration_mm_s_past_mean10,0.00076247554
t27__Operating_Hours,0.0007520523
t25__Odometer_per_Hour,0.0007123298
t01__Operating_Hours,0.0007041955
t05__Oil_Pressure_bar_past_mean10,0.00070065365
t11__Odometer_km,0.0007003949
t14__Odometer_per_Hour,0.00070008315
t26__Engine_RPM_past_std10,0.00069979584
t13__Odometer_per_Hour,0.00069258874
t24__Operating_Hours,0.0006782488
t09__Engine_Vibration_mm_s_past_mean10,0.0006774536
t16__Engine_Vibration_mm_s_past_mean10,0.000669671
t26__Odometer_km,0.000665947
t29__Odometer_per_Hour,0.00066260825
t24__Brake_Pad_Wear_pct_past_std10,0.00065853936
t18__Odometer_km,0.00065146066
t26__Coolant_Temp_C_past_mean10,0.000621972
t05__Brake_Pad_Wear_pct,0.00061878597
t14__Odometer_km,0.0006167412
t12__Engine_Vibration_mm_s_past_mean10,0.00060006854
t07__Engine_Vibration_mm_s_past_mean10,0.0005885382
t02__Fuel_Level_pct_past_mean10,0.00058066606
t14__BrakeWear_per_Hour,0.00058025256
t03__Brake_Pad_Wear_pct_past_mean10,0.00058021536
t28__Odometer_per_Hour,0.0005720657
t26__Operating_Hours,0.0005573105
t20__RF_Abnormal_Probability,0.0005505087
t04__Operating_Hours,0.00055028166
t00__Fuel_Level_pct_past_mean10,0.00054831646
t09__Odometer_km,0.00054635544
t22__BrakeWear_per_Hour,0.0005417509
t04__Odometer_km,0.0005360121
t23__RF_Abnormal_Probability,0.00053075986
t07__Fuel_Level_pct_past_mean10,0.00052446034
t20__Odometer_per_Hour,0.00051645463
t00__BrakeWear_per_Hour,0.0005074084
t01__Odometer_km,0.0005008643
t08__Oil_Pressure_bar_past_mean10,0.0004909039
t21__Engine_Vibration_mm_s_past_mean10,0.0004907932
t04__BrakeWear_per_Hour,0.00048982014
t16__Odometer_km,0.0004838928
t21__Engine_Load_pct_past_mean10,0.00047148982
t24__Odometer_km,0.0004695627
t29__Battery_Voltage_V,0.0004636845
t09__Fuel_Level_pct_past_std10,0.00044671615
t12__Fuel_Level_pct,0.00044499015
t21__BrakeWear_per_Hour,0.0004447068
t03__Odometer_per_Hour,0.00043912567
t19__Battery_Voltage_V,0.00043791073
t01__BrakeWear_per_Hour,0.00042247018
t21__Coolant_Temp_C_past_std10,0.00042085833
t22__Operating_Hours,0.00042020765
t26__Battery_Voltage_V,0.00041766994
t21__Battery_Voltage_V,0.0004128085
t26__RF_Abnormal_Probability,0.0004120746
t18__BrakeWear_per_Hour,0.00041196967
t25__Odometer_km,0.00040086772
t02__Oil_Pressure_bar_past_std10,0.00039738516
t17__Oil_Pressure_bar_past_mean10,0.00039278
t16__Odometer_per_Hour,0.00038605504
t27__BrakeWear_per_Hour,0.0003814606
t25__Engine_Vibration_mm_s_past_mean10,0.0003807173
t05__BrakeWear_per_Hour,0.00038010653
t27__Brake_Pad_Wear_pct_past_std10,0.00037948776
t09__BrakeWear_per_Hour,0.00037846767
t19__Odometer_per_Hour,0.00037540306
t01__Oil_Pressure_bar_past_std10,0.00037516703
t05__Operating_Hours,0.0003701079
t18__Fuel_Level_pct,0.00036361197
t27__Battery_Voltage_V,0.00036324692
t16__Engine_Load_pct_past_std10,0.00036289621
t23__Engine_RPM_past_mean10,0.00035588152
t23__Brake_Pad_Wear_pct,0.00034858586
t01__Fuel_Level_pct_past_mean10,0.00032642068
t02__Odometer_km,0.00032521857
t13__RF_Abnormal_Probability,0.00032370057
t06__Engine_RPM_past_std10,0.00031877065
t15__Odometer_km,0.00031650942
t28__RF_Abnormal_Probability,0.00030694596
t29__Fuel_Level_pct,0.000305462
t28__Odometer_km,0.00029948636
t14__Fuel_Level_pct_past_mean10,0.0002976148
t28__BrakeWear_per_Hour,0.00029633302
t08__Fuel_Level_pct_past_std10,0.00029562207
t06__Oil_Pressure_bar_past_std10,0.00029206835
t15__Fuel_Level_pct_past_mean10,0.0002857432
t08__Engine_Vibration_mm_s_past_mean10,0.00028105424
t18__Battery_Voltage_V,0.00027911415
t26__BrakeWear_per_Hour,0.00027682135
t07__Engine_RPM_past_std10,0.00026972036
t01__RF_Abnormal_Probability,0.00026824846
t29__Oil_Pressure_bar,0.00026784802
t18__Oil_Pressure_bar_past_mean10,0.00026752462
t23__Coolant_Temp_C_past_std10,0.00026371647
t02__RF_Abnormal_Probability,0.00025552834
t23__Odometer_per_Hour,0.00025334468
t07__Brake_Pad_Wear_pct,0.00025322582
t15__Odometer_per_Hour,0.00025156114
t27__Fuel_Level_pct_past_std10,0.00025088064
t16__Coolant_Temp_C_past_std10,0.00024597908
t22__Coolant_Temp_C_past_mean10,0.0002438164
t23__Fuel_Level_pct,0.00024351024
t03__BrakeWear_per_Hour,0.00023784237
t01__Engine_RPM_past_std10,0.00023688839
t26__Fuel_Level_pct_past_mean10,0.00023417574
t09__RF_Abnormal_Probability,0.00023111633
t13__Odometer_km,0.00021929987
t07__Fuel_Level_pct,0.00021599692
t18__Coolant_Temp_C_past_std10,0.00020635554
t20__BrakeWear_per_Hour,0.00020632833
t15__Oil_Pressure_bar_past_std10,0.00020578777
t12__Odometer_km,0.00020410234
t02__Operating_Hours,0.00020182409
t15__RF_Abnormal_Probability,0.00020145325
t29__RF_Abnormal_Probability,0.0001997239
t15__BrakeWear_per_Hour,0.0001988711
t25__Battery_Voltage_V,0.00019711444
t08__Engine_RPM_past_std10,0.00019559442
t01__Fuel_Level_pct,0.00019182531
t16__RF_Abnormal_Probability,0.00019156764
t07__Operating_Hours,0.000189569
t18__Fuel_Level_pct_past_mean10,0.0001839016
t23__BrakeWear_per_Hour,0.0001837171
t13__Coolant_Temp_C_past_std10,0.00018356972
t13__BrakeWear_per_Hour,0.00018311274
t25__Engine_RPM_past_std10,0.00018170752
t06__Fuel_Level_pct_past_mean10,0.00017881891
t23__Odometer_km,0.00017873605
t22__Odometer_km,0.00017810187
t14__Fuel_Level_pct,0.00017583855
t24__Battery_Voltage_V,0.00017563422
t05__Fuel_Level_pct,0.00017479708
t08__Fuel_Level_pct_past_mean10,0.00016816104
t08__Coolant_Temp_C_past_std10,0.00016798562
t29__Coolant_Temp_C_past_std10,0.0001668125
t16__Engine_Vibration_mm_s_past_std10,0.00016661164
t29__Coolant_Temp_C_past_mean10,0.00016543744
t18__Fuel_Level_pct_past_std10,0.00016432436
t12__Fuel_Level_pct_past_std10,0.00016198076
t02__Coolant_Temp_C_past_std10,0.00016112886
t17__Oil_Pressure_bar_past_std10,0.00015936657
t02__Engine_Load_pct_past_mean10,0.00015754384
t28__Fuel_Level_pct_past_std10,0.0001575358
t23__Fuel_Level_pct_past_mean10,0.0001526876
t00__RF_Abnormal_Probability,0.00015136435
t05__Odometer_per_Hour,0.0001506322
t07__RF_Abnormal_Probability,0.0001486709
t27__Engine_Vibration_mm_s_past_std10,0.0001484441
t19__Fuel_Level_pct_past_mean10,0.00014739376
t27__Engine_RPM_past_mean10,0.00014734491
t27__Coolant_Temp_C_past_std10,0.00014378603
t23__Battery_Voltage_V,0.0001416579
t25__Fuel_Level_pct,0.00014031418
t29__Oil_Pressure_bar_past_std10,0.00013872588
t12__Coolant_Temp_C_past_mean10,0.00013823339
t20__Odometer_km,0.0001378321
t01__Brake_Pad_Wear_pct,0.00013773065
t26__Fuel_Level_pct,0.0001343074
t29__Engine_Vibration_mm_s,0.00013426253
t26__Coolant_Temp_C_past_std10,0.00013334703
t12__Odometer_per_Hour,0.00013243839
t01__Fuel_Level_pct_past_std10,0.00013196537
t27__Coolant_Temp_C_past_mean10,0.0001290157
t02__Engine_RPM_past_std10,0.00012470277
t00__Operating_Hours,0.00012352868
t17__Fuel_Level_pct_past_mean10,0.00012322175
t24__Odometer_per_Hour,0.0001224373
t06__Engine_Load_pct_past_mean10,0.00012236451
t21__Engine_Load_pct_past_std10,0.000121727644
t15__Fuel_Level_pct,0.00012162054
t02__Brake_Pad_Wear_pct_past_mean10,0.00011863203
t28__Engine_RPM_past_std10,0.00011732947
t06__BrakeWear_per_Hour,0.0001166799
t20__Engine_RPM_past_std10,0.00011638009
t11__Fuel_Level_pct_past_mean10,0.000115443996
t16__Brake_Pad_Wear_pct,0.000112322894
t21__Odometer_per_Hour,0.00011205676
t00__Coolant_Temp_C_past_std10,0.00010858292
t11__Odometer_per_Hour,0.00010818622
t13__Fuel_Level_pct,0.0001075694
t05__Engine_Load_pct_past_std10,0.00010692312
t15__Fuel_Level_pct_past_std10,0.000104632185
t27__Engine_RPM_past_std10,0.000104304054
t02__BrakeWear_per_Hour,0.000102804515
t00__Engine_Load_pct_past_std10,0.00010254833
t03__Engine_Vibration_mm_s_past_mean10,0.00010246709
t12__BrakeWear_per_Hour,0.000102091006
t20__Fuel_Level_pct_past_std10,0.000101916485
t22__Odometer_per_Hour,0.00010161586
t15__Coolant_Temp_C_past_std10,0.00010081907
t00__Oil_Pressure_bar_past_std10,0.00010065908
t20__Operating_Hours,0.00010040965
t02__Engine_Vibration_mm_s_past_std10,9.87482e-05
t04__Fuel_Level_pct_past_mean10,9.797268e-05
t10__Oil_Temp_C,9.653643e-05
t10__RF_Abnormal_Probability,9.601849e-05
t25__BrakeWear_per_Hour,9.368127e-05
t19__Brake_Pad_Wear_pct_past_std10,9.273219e-05
t08__Fuel_Level_pct,9.256231e-05
t18__Oil_Temp_C_delta1,9.236999e-05
t24__Fuel_Level_pct_past_std10,9.193084e-05
t23__Oil_Pressure_bar_past_mean10,9.1108086e-05
t13__Engine_Load_pct_past_mean10,9.1027614e-05
t08__Odometer_km,9.087128e-05
t09__Engine_RPM_past_mean10,8.981768e-05
t19__Engine_Load_pct_past_mean10,8.9781526e-05
t25__Brake_Pad_Wear_pct_past_mean10,8.969658e-05
t18__Oil_Pressure_bar_past_std10,8.9037356e-05
t17__BrakeWear_per_Hour,8.819882e-05
t06__Fuel_Level_pct,8.68278e-05
t19__Engine_RPM_past_mean10,8.611014e-05
t03__Engine_RPM_past_std10,8.575754e-05
t27__Engine_Vibration_mm_s_past_mean10,8.448589e-05
t15__Engine_Load_pct_past_std10,8.442797e-05
t26__Fuel_Level_pct_past_std10,8.409288e-05
t02__Fuel_Level_pct,8.300087e-05
t17__Battery_Voltage_V,8.216939e-05
t13__Engine_Vibration_mm_s_past_std10,8.145298e-05
t03__RF_Abnormal_Probability,7.823284e-05
t22__Fuel_Level_pct_past_std10,7.756994e-05
t08__Engine_Load_pct_past_std10,7.750906e-05
t07__Oil_Pressure_bar,7.663717e-05
t27__RF_Abnormal_Probability,7.4208394e-05
t19__Fuel_Level_pct,7.412671e-05
t13__Coolant_Temp_C_past_mean10,7.325031e-05
t05__Coolant_Temp_C_past_mean10,7.3064955e-05
t29__Fuel_Level_pct_past_std10,7.30079e-05
t16__Fuel_Level_pct_past_mean10,7.118263e-05
t06__Ambient_Temp_C,7.02358e-05
t07__Coolant_Temp_C,7.012756e-05
t29__Engine_RPM_past_mean10,7.010729e-05
t16__Fuel_Level_pct,6.9877875e-05
t10__Brake_Pad_Wear_pct,6.9185095e-05
t21__Coolant_Temp_C_past_mean10,6.896345e-05
t07__Battery_Voltage_V,6.8616035e-05
t10__Fuel_Level_pct_past_mean10,6.795222e-05
t24__Engine_Vibration_mm_s_past_std10,6.780847e-05
t23__Engine_Vibration_mm_s_past_mean10,6.7806286e-05
t22__Fuel_Level_pct_past_mean10,6.568442e-05
t10__BrakeWear_per_Hour,6.4555265e-05
t19__Odometer_km,6.4519605e-05
t07__Engine_Vibration_mm_s_past_std10,6.361005e-05
t28__Coolant_Temp_C_past_mean10,6.341963e-05
t11__Engine_RPM_past_std10,6.281096e-05
t01__Coolant_Temp_C_past_mean10,6.2276915e-05
t22__Engine_Vibration_mm_s_past_std10,6.21089e-05
t05__RF_Abnormal_Probability,6.1802886e-05
t02__Brake_Pad_Wear_pct,6.161295e-05
t11__Oil_Temp_C,6.1306e-05
t07__Coolant_Temp_C_past_std10,6.0843486e-05
t10__Engine_Load_pct_past_std10,6.009957e-05
t01__Exhaust_Gas_Temp_C,5.9490576e-05
t11__Oil_Pressure_bar_past_std10,5.887957e-05
t16__Fuel_Level_pct_past_std10,5.8691214e-05
t27__Turbo_Boost_kPa,5.8044312e-05
t06__RF_Abnormal_Probability,5.8002275e-05
t13__Battery_Voltage_V,5.781261e-05
t18__Coolant_Temp_C_past_mean10,5.755855e-05
t00__Brake_Pad_Wear_pct_past_std10,5.7187743e-05
t07__Odometer_per_Hour,5.6892062e-05
t19__BrakeWear_per_Hour,5.6068642e-05
t03__Engine_RPM_past_mean10,5.5771387e-05
t17__Engine_Vibration_mm_s_past_std10,5.4675842e-05
t06__Coolant_Temp_C_delta1,5.4648204e-05
t24__RF_Abnormal_Probability,5.3591495e-05
t06__Engine_RPM_past_mean10,5.295999e-05
t07__Coolant_Temp_C_past_mean10,5.257162e-05
t14__RF_Abnormal_Probability,5.2417592e-05
t14__Coolant_Temp_C_past_mean10,5.1808882e-05
t21__Engine_Vibration_mm_s_past_std10,5.1763458e-05
t00__Fuel_Level_pct_past_std10,5.1304538e-05
t09__Fuel_Level_pct,5.031654e-05
t06__Odometer_per_Hour,4.954385e-05
t26__Engine_Vibration_mm_s_past_std10,4.9225662e-05
t12__Oil_Pressure_bar,4.894623e-05
t15__Engine_RPM_past_mean10,4.8334303e-05
t20__Engine_RPM_past_mean10,4.828577e-05
t13__Engine_RPM_past_std10,4.7982132e-05
t13__Fuel_Level_pct_past_std10,4.7770358e-05
t00__Engine_Vibration_mm_s_past_std10,4.7700047e-05
t24__Engine_Load_pct_past_mean10,4.6806763e-05
t28__Coolant_Temp_C,4.6797002e-05
t18__Brake_Pad_Wear_pct_past_std10,4.6636025e-05
t14__Coolant_Temp_C_past_std10,4.6181078e-05
t28__Coolant_Temp_C_past_std10,4.5971865e-05
t28__Engine_Load_pct_past_mean10,4.560066e-05
t28__Oil_Temp_C,4.5509194e-05
t15__Coolant_Temp_C_past_mean10,4.5257766e-05
t09__Coolant_Ambient_Delta,4.498472e-05
t07__Oil_Pressure_bar_past_std10,4.470214e-05
t14__Fuel_Level_pct_past_std10,4.4640128e-05
t19__Oil_Temp_C,4.4496013e-05
t10__Engine_RPM_past_std10,4.440772e-05
t11__Fuel_Level_pct,4.4243225e-05
t04__Fuel_Level_pct_past_std10,4.4153305e-05
t04__RF_Abnormal_Probability,4.354151e-05
t16__Coolant_Temp_C_past_mean10,4.2736487e-05
t09__Engine_RPM_past_std10,4.2729363e-05
t27__Fuel_Level_pct,4.2637756e-05
t00__Fuel_Level_pct,4.2559324e-05
t15__Engine_Vibration_mm_s_past_std10,4.2479263e-05
t17__Fuel_Level_pct_past_std10,4.2467524e-05
t18__Engine_RPM_past_mean10,4.2406362e-05
t26__Odometer_per_Hour,4.2113727e-05
t17__Engine_RPM_past_mean10,4.1926523e-05
t11__Battery_Voltage_V,4.1912524e-05
t23__Coolant_Temp_C_past_mean10,4.1260264e-05
t07__Engine_RPM_past_mean10,4.043392e-05
t16__Oil_Pressure_bar_past_std10,4.0407558e-05
t18__Engine_Load_pct_past_mean10,4.035753e-05
t20__Fuel_Level_pct,4.0335784e-05
t21__Fuel_Level_pct_past_std10,4.0038016e-05
t25__Engine_RPM_past_mean10,3.9981638e-05
t13__Engine_RPM_past_mean10,3.9888393e-05
t04__Engine_Vibration_mm_s_past_std10,3.982116e-05
t29__Engine_Vibration_mm_s_past_std10,3.9619612e-05
t08__Coolant_Temp_C_past_mean10,3.9126273e-05
t03__Coolant_Temp_C_past_mean10,3.83092e-05
t12__Engine_Load_pct_past_std10,3.8232403e-05
t23__Engine_Load_pct_past_mean10,3.8159134e-05
t05__Coolant_Temp_C_past_std10,3.81256e-05
t20__Brake_Pad_Wear_pct_past_std10,3.806904e-05
t27__Oil_Pressure_bar_delta1,3.7740298e-05
t09__Engine_Load_pct_past_mean10,3.7526832e-05
t20__Coolant_Temp_C_past_std10,3.740069e-05
t16__Engine_Load_pct_past_mean10,3.737792e-05
t02__Coolant_Temp_C_past_mean10,3.7308633e-05
t04__Oil_Pressure_bar_past_std10,3.712284e-05
t15__Engine_Vibration_mm_s,3.7116806e-05
t05__Load_RPM_Ratio,3.705308e-05
t26__Engine_Load_pct_past_mean10,3.697405e-05
t10__Coolant_Temp_C_past_std10,3.61821e-05
t22__Fuel_Level_pct,3.5951394e-05
t00__Coolant_Temp_C_past_mean10,3.5742396e-05
t22__RF_Abnormal_Probability,3.569573e-05
t19__Fuel_Level_pct_past_std10,3.5525623e-05
t10__Engine_Load_pct_past_mean10,3.5508718e-05
t07__Oil_Temp_C,3.53381e-05
t06__Coolant_Temp_C_past_std10,3.5134675e-05
t09__Odometer_per_Hour,3.4751905e-05
t19__RF_Abnormal_Probability,3.4711928e-05
t09__Battery_Voltage_V,3.4604833e-05
t21__RF_Abnormal_Probability,3.455029e-05
t10__Fuel_Level_pct_past_std10,3.4302353e-05
t10__Oil_Pressure_bar_past_std10,3.4296718e-05
t26__Oil_Pressure_bar_past_std10,3.345304e-05
t12__Engine_Load_pct_past_mean10,3.3405293e-05
t10__Engine_Vibration_mm_s_delta1,3.2871103e-05
t11__Coolant_Temp_C_past_mean10,3.264773e-05
t04__Engine_RPM_past_std10,3.257044e-05
t25__RF_Abnormal_Probability,3.181886e-05
t09__Coolant_Temp_C_past_std10,3.1784428e-05
t03__Coolant_Temp_C_past_std10,3.1656095e-05
t06__Fuel_Level_pct_past_std10,3.1297288e-05
t29__Engine_Load_pct_past_mean10,3.0638646e-05
t25__Coolant_Temp_C_past_std10,3.0385092e-05
t25__Fuel_Level_pct_past_mean10,3.037836e-05
t25__Brake_Pad_Wear_pct_past_std10,3.0294785e-05
t03__Fuel_Level_pct_past_std10,2.9990051e-05
t04__Engine_Load_pct_past_std10,2.9804673e-05
t22__Oil_Pressure_bar_past_std10,2.9323992e-05
t13__Coolant_Temp_C,2.9297595e-05
t24__Fuel_Level_pct,2.9252484e-05
t15__Operating_Hours,2.8962795e-05
t12__Engine_RPM_past_mean10,2.8721613e-05
t11__Fuel_Level_pct_past_std10,2.8679216e-05
t29__Engine_RPM_past_std10,2.8664708e-05
t13__Engine_Load_pct_past_std10,2.864179e-05
t21__Fuel_Level_pct,2.8036719e-05
t08__Engine_Load_pct_past_mean10,2.7889047e-05
t12__Engine_Vibration_mm_s_past_std10,2.784862e-05
t06__Engine_Vibration_mm_s,2.7572523e-05
t03__Brake_Pad_Wear_pct,2.755359e-05
t23__Engine_RPM_past_std10,2.7288575e-05
t01__Engine_Load_pct_past_mean10,2.6716085e-05
t25__Engine_Vibration_mm_s_past_std10,2.665846e-05
t19__Throttle_Position_pct,2.6554377e-05
t29__Engine_Load_pct_past_std10,2.6365125e-05
t04__Engine_RPM_past_mean10,2.6070235e-05
t23__Fuel_Level_pct_past_std10,2.605152e-05
t25__Oil_Pressure_bar_past_std10,2.5933476e-05
t05__Oil_Pressure_bar,2.5715191e-05
t02__Fuel_Level_pct_past_std10,2.5658832e-05
t23__Engine_Load_pct_past_std10,2.5527732e-05
t27__Engine_Load_pct_past_mean10,2.549681e-05
t28__Oil_Pressure_bar_past_std10,2.5440515e-05
t27__Fuel_Level_pct_past_mean10,2.5420288e-05
t17__Coolant_Temp_C_past_std10,2.523206e-05
t13__Oil_Pressure_bar,2.5230729e-05
t09__Coolant_Temp_C,2.5156065e-05
t10__Engine_RPM,2.5056428e-05
t27__Oil_Temp_C,2.4878413e-05
t09__Oil_Temp_C,2.4544806e-05
t28__Engine_Vibration_mm_s_past_std10,2.4332341e-05
t25__Coolant_Temp_C_past_mean10,2.4073179e-05
t17__Engine_Load_pct_past_mean10,2.3991848e-05
t20__Oil_Temp_C,2.3896097e-05
t18__RF_Abnormal_Probability,2.3629504e-05
t20__Exhaust_Ambient_Delta,2.342583e-05
t19__Oil_Pressure_bar_past_std10,2.2739516e-05
t07__Intake_Air_Temp_C,2.2418995e-05
t04__Engine_Load_pct_past_mean10,2.2410799e-05
t15__Battery_Voltage_V,2.240631e-05
t17__Coolant_Temp_C_delta1,2.2214661e-05
t18__Odometer_per_Hour,2.2014367e-05
t18__Brake_Pad_Wear_pct,2.1983658e-05
t24__Engine_Load_pct_past_std10,2.1868414e-05
t18__Engine_RPM,2.1684531e-05
t24__Engine_RPM_past_std10,2.1653392e-05
t11__Intake_Air_Temp_C,2.1341546e-05
t12__Oil_Ambient_Delta,2.111788e-05
t22__Coolant_Temp_C_past_std10,2.1028005e-05
t17__Coolant_Temp_C_past_mean10,2.0942818e-05
t04__Brake_Pad_Wear_pct_past_std10,2.085152e-05
t14__Coolant_Temp_C_delta1,2.0563106e-05
t15__Engine_RPM_past_std10,2.0353287e-05
t07__Fuel_Level_pct_past_std10,2.0227086e-05
t06__Engine_Vibration_mm_s_past_std10,2.0145775e-05
t21__Engine_RPM_past_std10,2.0047144e-05
t04__Fuel_Level_pct,1.9944686e-05
t10__Engine_RPM_past_mean10,1.9678153e-05
t15__Oil_Pressure_bar,1.9657895e-05
t14__Engine_Load_pct_past_mean10,1.930242e-05
t19__Coolant_Temp_C_past_std10,1.9038484e-05
t14__Ambient_Temp_C,1.8933462e-05
t10__Fuel_Level_pct,1.8928871e-05
t24__Oil_Pressure_bar_past_std10,1.8868619e-05
t21__Engine_RPM_past_mean10,1.8688348e-05
t16__Oil_Temp_C,1.8573779e-05
t12__Brake_Pad_Wear_pct_past_std10,1.8464483e-05
t21__Oil_Temp_C,1.832045e-05
t16__Engine_RPM_past_mean10,1.8253466e-05
t08__Engine_Vibration_mm_s,1.8030289e-05
t04__Oil_Pressure_bar,1.7900893e-05
t09__Engine_Load_pct_past_std10,1.790071e-05
t27__Oil_Pressure_bar,1.7577762e-05
t24__Coolant_Temp_C,1.7433988e-05
t18__Intake_Air_Temp_C,1.7233917e-05
t04__Coolant_Temp_C_past_std10,1.7174056e-05
t20__Engine_Load_pct_past_std10,1.7042361e-05
t17__Odometer_per_Hour,1.6958385e-05
t00__Coolant_Ambient_Delta,1.69337e-05
t26__Engine_Vibration_mm_s,1.688398e-05
t03__Engine_Vibration_mm_s,1.6686055e-05
t13__Oil_Temp_C,1.6615428e-05
t09__Engine_Vibration_mm_s_past_std10,1.6545204e-05
t18__Engine_RPM_past_std10,1.643028e-05
t16__Oil_Pressure_bar_delta1,1.6410091e-05
t22__Intake_Air_Temp_C,1.6393404e-05
t25__Engine_Load_pct_past_mean10,1.6343074e-05
t05__Engine_RPM_past_std10,1.617121e-05
t22__Oil_Temp_C,1.6069367e-05
t28__Exhaust_Gas_Temp_C,1.5874912e-05
t03__Exhaust_Gas_Temp_C,1.5811527e-05
t27__Speed_kmph,1.5717615e-05
t19__Engine_Vibration_mm_s_past_std10,1.5668847e-05
t10__Engine_Vibration_mm_s_past_std10,1.5667054e-05
t02__Load_RPM_Ratio,1.5564394e-05
t16__Coolant_Temp_C,1.5188135e-05
t17__Engine_Load_pct_past_std10,1.5178986e-05
t19__Coolant_Temp_C_past_mean10,1.4985782e-05
t11__Coolant_Temp_C_past_std10,1.4857192e-05
t02__Engine_Load_pct_past_std10,1.4760603e-05
t10__Coolant_Temp_C_past_mean10,1.475305e-05
t05__Engine_Load_pct_past_mean10,1.4575472e-05
t10__Exhaust_Gas_Temp_C,1.4455667e-05
t22__Engine_Load_pct_past_std10,1.4132479e-05
t00__Engine_RPM_past_mean10,1.4018061e-05
t28__Engine_Load_pct_past_std10,1.4003839e-05
t11__Engine_Load_pct_past_mean10,1.40007305e-05
t05__Engine_Vibration_mm_s_past_std10,1.3981422e-05
t22__Engine_RPM_past_std10,1.3947954e-05
t27__Throttle_Position_pct,1.3936081e-05
t17__Tire_Pressure_psi,1.3664068e-05
t14__Battery_Voltage_V,1.3636747e-05
t26__Brake_Pad_Wear_pct_past_std10,1.3536051e-05
t00__Engine_Load_pct_past_mean10,1.3505064e-05
t15__Engine_Load_pct_past_mean10,1.3452284e-05
t18__Oil_Temp_C,1.3137184e-05
t15__Brake_Pad_Wear_pct,1.290285e-05
t28__Engine_Vibration_mm_s,1.2640422e-05
t06__Engine_Load_pct_past_std10,1.2570102e-05
t23__Oil_Temp_C,1.2565934e-05
t11__Engine_Load_pct_past_std10,1.2491461e-05
t09__Oil_Pressure_bar_delta1,1.2378872e-05
t20__Speed_kmph,1.2350325e-05
t24__Coolant_Temp_C_past_mean10,1.2301722e-05
t21__Oil_Pressure_bar_past_std10,1.2025714e-05
t03__Engine_Load_pct_past_mean10,1.2008363e-05
t00__Oil_Ambient_Delta,1.1955905e-05
t25__Fuel_Level_pct_past_std10,1.1955361e-05
t23__Throttle_Position_pct,1.186606e-05
t09__Oil_Pressure_bar_past_std10,1.1863909e-05
t29__Engine_Vibration_mm_s_delta1,1.1848252e-05
t04__Coolant_Temp_C_past_mean10,1.1837895e-05
t03__Engine_Vibration_mm_s_past_std10,1.1824904e-05
t08__Oil_Pressure_bar,1.1696149e-05
t01__Battery_Voltage_V,1.1691475e-05
t14__Tire_Pressure_psi,1.1656987e-05
t26__Engine_Load_pct_past_std10,1.1648275e-05
t03__Engine_RPM,1.1623367e-05
t12__Coolant_Temp_C_past_std10,1.1470821e-05
t28__Brake_Pad_Wear_pct_delta1,1.14290915e-05
t05__Battery_Voltage_V,1.1387989e-05
t04__Speed_kmph,1.1357856e-05
t12__Oil_Temp_C,1.1328473e-05
t25__Coolant_Temp_C,1.1275831e-05
t09__Coolant_Temp_C_past_mean10,1.1242525e-05
t02__Oil_Pressure_bar,1.119233e-05
t01__Coolant_Temp_C_past_std10,1.1153513e-05
t01__Coolant_Temp_C,1.0916929e-05
t03__Engine_Load_pct_past_std10,1.08099875e-05
t19__Oil_Pressure_bar_delta1,1.0807945e-05
t22__Coolant_Temp_C,1.064455e-05
t04__Ambient_Temp_C,1.06263e-05
t17__Engine_Vibration_mm_s,1.0423385e-05
t19__Engine_RPM_past_std10,1.0383023e-05
t20__Engine_Load_pct_past_mean10,1.01125015e-05
t15__Coolant_Temp_C,1.0059416e-05
t25__Exhaust_Gas_Temp_C,9.998446e-06
t20__Turbo_Boost_kPa,9.775025e-06
t05__Oil_Pressure_bar_past_std10,9.768552e-06
t01__Engine_Load_pct_past_std10,9.767732e-06
t29__Brake_Pad_Wear_pct_delta1,9.756824e-06
t12__Oil_Pressure_bar_past_std10,9.742379e-06
t22__Engine_Load_pct,9.740897e-06
t11__Oil_Pressure_bar_delta1,9.663698e-06
t23__Engine_Vibration_mm_s,9.654811e-06
t14__Oil_Pressure_bar_past_std10,9.576192e-06
t21__Exhaust_Gas_Temp_C,9.5659925e-06
t23__Engine_Vibration_mm_s_past_std10,9.499493e-06
t25__Load_RPM_Ratio,9.4942325e-06
t26__Engine_RPM_past_mean10,9.396598e-06
t01__Engine_RPM_past_mean10,9.382594e-06
t07__Engine_Load_pct_past_mean10,9.340045e-06
t06__Turbo_Boost_kPa,9.33458e-06
t10__Engine_Vibration_mm_s,9.330985e-06
t15__Exhaust_Gas_Temp_C,9.215937e-06
t28__Brake_Pad_Wear_pct_past_std10,9.133517e-06
t01__Brake_Pad_Wear_pct_past_std10,8.954656e-06
t25__Engine_Load_pct_past_std10,8.9294e-06
t08__RF_Abnormal_Probability,8.870845e-06
t27__Engine_Vibration_mm_s_delta1,8.838059e-06
t22__Engine_RPM_past_mean10,8.8005e-06
t11__Load_RPM_Ratio,8.748653e-06
t16__Engine_Load_pct,8.6873115e-06
t28__Speed_kmph,8.661886e-06
t24__Oil_Ambient_Delta,8.46771e-06
t16__Brake_Pad_Wear_pct_past_std10,8.438509e-06
t08__Brake_Pad_Wear_pct_past_std10,8.429329e-06
t22__Load_RPM_Ratio,8.428217e-06
t09__Load_RPM_Ratio,8.322195e-06
t16__Turbo_Boost_kPa,8.23707e-06
t14__Brake_Pad_Wear_pct_past_std10,8.130975e-06
t14__Throttle_Position_pct,8.097615e-06
t24__Turbo_Boost_kPa,8.080589e-06
t29__Oil_Ambient_Delta,8.026697e-06
t09__Exhaust_Ambient_Delta,7.949341e-06
t20__Coolant_Temp_C_past_mean10,7.9341935e-06
t06__Coolant_Temp_C_past_mean10,7.906559e-06
t17__Oil_Ambient_Delta,7.862e-06
t26__Turbo_Boost_kPa,7.796417e-06
t13__Intake_Air_Temp_C,7.786353e-06
t18__Engine_Vibration_mm_s_past_std10,7.745829e-06
t09__Throttle_Position_pct,7.706564e-06
t08__Battery_Voltage_V,7.529219e-06
t25__Engine_Vibration_mm_s,7.514191e-06
t23__Oil_Ambient_Delta,7.475603e-06
t05__Fuel_Level_pct_past_std10,7.4188856e-06
t08__Oil_Pressure_bar_delta1,7.412961e-06
t00__Engine_RPM_past_std10,7.395411e-06
t12__Engine_RPM_past_std10,7.3512997e-06
t17__Engine_RPM,7.3507276e-06
t12__Tire_Pressure_psi,7.2752337e-06
t14__Engine_RPM_past_mean10,7.26137e-06
t09__Engine_Vibration_mm_s,7.2287753e-06
t04__Engine_RPM,7.067272e-06
t12__Battery_Voltage_V,7.016838e-06
t19__Engine_Load_pct_past_std10,6.954915e-06
t05__Engine_Vibration_mm_s_delta1,6.954514e-06
t24__Engine_RPM_past_mean10,6.8854256e-06
t22__Brake_Pad_Wear_pct,6.840569e-06
t14__Engine_Vibration_mm_s_past_std10,6.8220347e-06
t14__Oil_Temp_C,6.8146173e-06
t03__Oil_Temp_C,6.811145e-06
t00__Engine_Vibration_mm_s,6.7818855e-06
t14__Load_RPM_Ratio,6.7705128e-06
t12__Engine_Vibration_mm_s_delta1,6.746552e-06
t02__Brake_Pad_Wear_pct_past_std10,6.7136475e-06
t01__Engine_Vibration_mm_s,6.6666894e-06
t18__Engine_Vibration_mm_s,6.6300827e-06
t12__RF_Abnormal_Probability,6.584571e-06
t07__Tire_Pressure_psi,6.513419e-06
t23__Exhaust_Gas_Temp_C,6.4804713e-06
t06__Load_RPM_Ratio,6.4789197e-06
t02__Intake_Air_Temp_C,6.459616e-06
t15__Throttle_Position_pct,6.4536407e-06
t13__Oil_Pressure_bar_past_std10,6.430838e-06
t21__Exhaust_Ambient_Delta,6.384025e-06
t11__Engine_RPM,6.334021e-06
t22__Throttle_Position_pct,6.310219e-06
t08__Oil_Ambient_Delta,6.269842e-06
t28__Engine_RPM,6.127029e-06
t15__Engine_Load_pct,6.077491e-06
t07__Oil_Ambient_Delta,6.0454677e-06
t23__Brake_Pad_Wear_pct_past_std10,6.0263305e-06
t13__Exhaust_Ambient_Delta,6.009765e-06
t11__Tire_Pressure_psi,6.0091556e-06
t20__Oil_Temp_C_delta1,5.9626786e-06
t17__Ambient_Temp_C,5.953284e-06
t20__Engine_RPM,5.9125755e-06
t01__Engine_Vibration_mm_s_past_std10,5.890014e-06
t11__Brake_Pad_Wear_pct_past_std10,5.8673886e-06
t26__Tire_Pressure_psi,5.823652e-06
t27__Oil_Pressure_bar_past_std10,5.8232977e-06
t11__Exhaust_Ambient_Delta,5.7311954e-06
t19__Ambient_Temp_C,5.720836e-06
t26__Exhaust_Gas_Temp_C,5.7091647e-06
t14__Exhaust_Gas_Temp_C,5.6995564e-06
t22__Exhaust_Gas_Temp_C,5.681215e-06
t20__Oil_Pressure_bar_past_std10,5.6532353e-06
t04__Coolant_Ambient_Delta,5.6125136e-06
t11__Engine_Vibration_mm_s_past_std10,5.5874084e-06
t25__Speed_kmph,5.5750365e-06
t03__Battery_Voltage_V,5.5566456e-06
t25__Brake_Pad_Wear_pct_delta1,5.4991087e-06
t21__Oil_Pressure_bar_delta1,5.414901e-06
t19__Turbo_Boost_kPa,5.3880067e-06
t27__Engine_Vibration_mm_s,5.3820313e-06
t07__Engine_Vibration_mm_s,5.3692156e-06
t24__Oil_Pressure_bar,5.201772e-06
t13__Oil_Pressure_bar_delta1,5.2017326e-06
t18__Engine_Load_pct_past_std10,5.194446e-06
t11__RF_Abnormal_Probability,5.0708704e-06
t13__Engine_RPM,5.0654944e-06
t15__Oil_Temp_C,5.0282188e-06
t11__Throttle_Position_pct,4.969795e-06
t05__Throttle_Position_pct,4.9528926e-06
t22__Exhaust_Ambient_Delta,4.9526157e-06
t02__Exhaust_Gas_Temp_C,4.9364908e-06
t09__Oil_Pressure_bar,4.9193213e-06
t23__Intake_Air_Temp_C,4.8475154e-06
t24__Load_RPM_Ratio,4.842834e-06
t09__Speed_kmph,4.8263864e-06
t28__Throttle_Position_pct,4.8204306e-06
t26__Brake_Pad_Wear_pct_delta1,4.7638705e-06
t25__Tire_Pressure_psi,4.7485564e-06
t24__Coolant_Ambient_Delta,4.739709e-06
t23__Coolant_Temp_C_delta1,4.7169706e-06
t20__Brake_Pad_Wear_pct_past_mean10,4.6773825e-06
t20__Throttle_Position_pct,4.600734e-06
t09__Exhaust_Gas_Temp_C,4.57259e-06
t27__Engine_Load_pct_past_std10,4.5630336e-06
t16__Exhaust_Gas_Temp_C,4.5555844e-06
t29__Coolant_Temp_C_delta1,4.5183046e-06
t02__Oil_Ambient_Delta,4.325314e-06
t05__Turbo_Boost_kPa,4.321888e-06
t11__Engine_RPM_past_mean10,4.3209247e-06
t12__Engine_RPM,4.2828883e-06
t13__Coolant_Ambient_Delta,4.28053e-06
t03__Oil_Pressure_bar,4.178385e-06
t01__Engine_RPM,4.1396206e-06
t07__Brake_Pad_Wear_pct_past_std10,4.1124167e-06
t24__Throttle_Position_pct,4.0769996e-06
t23__Oil_Pressure_bar_past_std10,4.0669815e-06
t25__Oil_Pressure_bar,4.0363157e-06
t18__Coolant_Temp_C_delta1,4.036227e-06
t13__Coolant_Temp_C_delta1,3.9957563e-06
t21__Oil_Temp_C_delta1,3.984441e-06
t24__Coolant_Temp_C_past_std10,3.9236984e-06
t18__Oil_Ambient_Delta,3.9163183e-06
t25__Intake_Air_Temp_C,3.906506e-06
t21__Turbo_Boost_kPa,3.869148e-06
t02__Throttle_Position_pct,3.8465296e-06
t04__Oil_Temp_C_delta1,3.845719e-06
t00__Battery_Voltage_V,3.840044e-06
t12__Throttle_Position_pct,3.839253e-06
t03__Load_RPM_Ratio,3.7851614e-06
t21__Coolant_Temp_C,3.7457291e-06
t10__Load_RPM_Ratio,3.738165e-06
t16__Engine_RPM,3.679273e-06
t28__Coolant_Ambient_Delta,3.6721415e-06
t28__Engine_RPM_past_mean10,3.6426156e-06
t19__Engine_Load_pct,3.6268727e-06
t03__Coolant_Temp_C_delta1,3.5970106e-06
t26__Intake_Air_Temp_C,3.5939822e-06
t08__Engine_Vibration_mm_s_past_std10,3.588676e-06
t28__Coolant_Temp_C_delta1,3.5599871e-06
t02__Tire_Pressure_psi,3.556386e-06
t01__Coolant_Ambient_Delta,3.5441294e-06
t18__Throttle_Position_pct,3.5281112e-06
t29__Engine_RPM,3.5157166e-06
t19__Exhaust_Gas_Temp_C,3.4533582e-06
t14__Oil_Ambient_Delta,3.3363517e-06
t18__Ambient_Temp_C,3.2906041e-06
t20__Engine_Vibration_mm_s_past_std10,3.211718e-06
t14__Intake_Air_Temp_C,3.2078553e-06
t06__Oil_Pressure_bar,3.060945e-06
t22__Engine_Load_pct_past_mean10,3.043254e-06
t04__Battery_Voltage_V,3.0350575e-06
t07__Speed_kmph,2.9986054e-06
t09__Oil_Temp_C_delta1,2.9914593e-06
t04__Engine_Load_pct,2.9093244e-06
t27__Engine_RPM,2.9077944e-06
t29__Load_RPM_Ratio,2.8862576e-06
t07__Exhaust_Ambient_Delta,2.8850848e-06
t03__Throttle_Position_pct,2.852536e-06
t21__Brake_Pad_Wear_pct_past_std10,2.8324548e-06
t18__Exhaust_Gas_Temp_C,2.8244042e-06
t14__Engine_Load_pct,2.8140723e-06
t22__Oil_Ambient_Delta,2.7200954e-06
t14__Exhaust_Ambient_Delta,2.6871874e-06
t05__Tire_Pressure_psi,2.566292e-06
t10__Battery_Voltage_V,2.5544468e-06
t04__Coolant_Temp_C,2.4364485e-06
t01__Load_RPM_Ratio,2.4242431e-06
t08__Speed_kmph,2.404357e-06
t24__Speed_kmph,2.3956443e-06
t27__Ambient_Temp_C,2.3902278e-06
t05__Engine_RPM_past_mean10,2.3730681e-06
t00__Coolant_Temp_C,2.3642517e-06
t20__Oil_Pressure_bar_delta1,2.3534817e-06
t11__Coolant_Temp_C_delta1,2.3485188e-06
t00__Throttle_Position_pct,2.3134673e-06
t29__Exhaust_Gas_Temp_C,2.2654358e-06
t14__Engine_RPM_past_std10,2.2331826e-06
t06__Oil_Ambient_Delta,2.2047398e-06
t09__Intake_Air_Temp_C,2.1942362e-06
t11__Engine_Vibration_mm_s_delta1,2.1648966e-06
t10__Coolant_Ambient_Delta,2.1162325e-06
t03__Coolant_Ambient_Delta,2.114181e-06
t12__Exhaust_Gas_Temp_C,2.0980315e-06
t29__Oil_Temp_C_delta1,2.0974574e-06
t01__Oil_Temp_C,2.0943028e-06
t27__Coolant_Temp_C,2.0629805e-06
t07__Engine_RPM,2.0602015e-06
t06__Oil_Temp_C_delta1,2.0206605e-06
t26__Oil_Temp_C_delta1,1.9838355e-06
t00__Exhaust_Ambient_Delta,1.9815157e-06
t00__Load_RPM_Ratio,1.9685153e-06
t07__Coolant_Ambient_Delta,1.9671788e-06
t03__Exhaust_Ambient_Delta,1.9552788e-06
t17__Exhaust_Gas_Temp_C,1.9434276e-06
t25__Throttle_Position_pct,1.9390675e-06
t10__Intake_Air_Temp_C,1.917537e-06
t16__Exhaust_Ambient_Delta,1.9114766e-06
t27__Exhaust_Ambient_Delta,1.8960534e-06
t06__Throttle_Position_pct,1.8922761e-06
t13__Tire_Pressure_psi,1.8848904e-06
t19__Speed_kmph,1.8835188e-06
t02__Engine_Load_pct,1.8785411e-06
t03__Brake_Pad_Wear_pct_delta1,1.86007e-06
t16__Oil_Ambient_Delta,1.8547436e-06
t29__Oil_Temp_C,1.8243067e-06
t01__Oil_Pressure_bar,1.8223137e-06
t05__Engine_RPM,1.809602e-06
t21__Throttle_Position_pct,1.7855774e-06
t20__Engine_Vibration_mm_s_delta1,1.7694488e-06
t27__Oil_Temp_C_delta1,1.7443131e-06
t29__Turbo_Boost_kPa,1.7255666e-06
t13__Engine_Vibration_mm_s_delta1,1.7252753e-06
t05__Intake_Air_Temp_C,1.675111e-06
t15__Load_RPM_Ratio,1.6316823e-06
t03__Oil_Pressure_bar_delta1,1.5940487e-06
t02__Engine_RPM_past_mean10,1.5646791e-06
t21__Intake_Air_Temp_C,1.5584028e-06
t10__Oil_Pressure_bar,1.5534075e-06
t20__Intake_Air_Temp_C,1.5522165e-06
t07__Coolant_Temp_C_delta1,1.5402463e-06
t12__Coolant_Ambient_Delta,1.4807536e-06
t08__Turbo_Boost_kPa,1.4786692e-06
t03__Speed_kmph,1.4663582e-06
t08__Exhaust_Ambient_Delta,1.4476808e-06
t20__Tire_Pressure_psi,1.4258284e-06
t03__Intake_Air_Temp_C,1.4078161e-06
t01__Engine_Vibration_mm_s_delta1,1.4026407e-06
t07__Oil_Pressure_bar_delta1,1.3943336e-06
t14__Engine_Load_pct_past_std10,1.3843626e-06
t08__Engine_Load_pct,1.3728903e-06
t08__Throttle_Position_pct,1.3386616e-06
t05__Brake_Pad_Wear_pct_past_std10,1.3344098e-06
t08__Engine_Vibration_mm_s_delta1,1.3246608e-06
t11__Coolant_Temp_C,1.317416e-06
t02__Oil_Pressure_bar_delta1,1.3092623e-06
t16__Throttle_Position_pct,1.3082724e-06
t22__Brake_Pad_Wear_pct_delta1,1.3038979e-06
t19__Brake_Pad_Wear_pct_delta1,1.281972e-06
t11__Engine_Vibration_mm_s,1.2805062e-06
t12__Speed_kmph,1.250974e-06
t11__Brake_Pad_Wear_pct_delta1,1.2437741e-06
t18__Speed_kmph,1.2321738e-06
t01__Tire_Pressure_psi,1.2289859e-06
t13__Engine_Load_pct,1.2184419e-06
t02__Oil_Temp_C,1.217791e-06
t15__Intake_Air_Temp_C,1.2139448e-06
t00__Ambient_Temp_C,1.2048148e-06
t10__Exhaust_Ambient_Delta,1.145345e-06
t07__Engine_Vibration_mm_s_delta1,1.1393062e-06
t23__Brake_Pad_Wear_pct_delta1,1.1343615e-06
t00__Turbo_Boost_kPa,1.1199822e-06
t02__Ambient_Temp_C,1.1192809e-06
t12__Intake_Air_Temp_C,1.1092795e-06
t17__Engine_RPM_past_std10,1.1069259e-06
t23__Oil_Temp_C_delta1,1.103614e-06
t04__Load_RPM_Ratio,1.0438316e-06
t03__Coolant_Temp_C,1.0017009e-06
t02__Battery_Voltage_V,1.000377e-06
t21__Tire_Pressure_psi,9.888261e-07
t18__Tire_Pressure_psi,9.879366e-07
t26__Coolant_Temp_C,9.726036e-07
t00__Oil_Temp_C,9.668689e-07
t08__Coolant_Ambient_Delta,9.656482e-07
t23__Coolant_Temp_C,9.250581e-07
t02__Brake_Pad_Wear_pct_delta1,9.196157e-07
t16__Coolant_Temp_C_delta1,9.053609e-07
t27__Exhaust_Gas_Temp_C,9.0149894e-07
t06__Speed_kmph,9.0103396e-07
t00__Engine_Load_pct,8.8410445e-07
t20__Exhaust_Gas_Temp_C,8.8399514e-07
t17__Exhaust_Ambient_Delta,8.748341e-07
t07__Exhaust_Gas_Temp_C,8.679836e-07
t00__Tire_Pressure_psi,8.594237e-07
t23__Engine_Load_pct,8.5646076e-07
t12__Coolant_Temp_C,8.4838507e-07
t00__Speed_kmph,8.2038844e-07
t06__Battery_Voltage_V,8.153719e-07
t02__Engine_RPM,8.070448e-07
t03__Engine_Load_pct,7.692809e-07
t24__Exhaust_Ambient_Delta,7.642438e-07
t06__Engine_RPM,7.587334e-07
t08__Engine_RPM_past_mean10,7.5817275e-07
t18__Coolant_Temp_C,7.5158636e-07
t22__Tire_Pressure_psi,7.300028e-07
t18__Turbo_Boost_kPa,7.0620206e-07
t16__Oil_Temp_C_delta1,7.0417326e-07
t17__Throttle_Position_pct,6.999657e-07
t28__Oil_Pressure_bar,6.961158e-07
t20__Coolant_Temp_C,6.610698e-07
t01__Speed_kmph,6.539108e-07
t00__Oil_Temp_C_delta1,6.331536e-07
t00__Intake_Air_Temp_C,6.262727e-07
t00__Engine_RPM,6.096595e-07
t07__Throttle_Position_pct,5.954481e-07
t20__Engine_Load_pct,5.867234e-07
t27__Tire_Pressure_psi,5.8214533e-07
t04__Exhaust_Gas_Temp_C,5.49356e-07
t29__Engine_Load_pct,5.0903776e-07
t04__Intake_Air_Temp_C,4.8268885e-07
t05__Speed_kmph,4.5970575e-07
t14__Coolant_Ambient_Delta,4.448857e-07
t02__Engine_Vibration_mm_s,4.3008762e-07
t21__Engine_Vibration_mm_s_delta1,4.2059017e-07
t12__Oil_Pressure_bar_delta1,4.174541e-07
t02__Speed_kmph,4.0580443e-07
t22__Coolant_Temp_C_delta1,3.9551597e-07
t11__Exhaust_Gas_Temp_C,3.880948e-07
t00__Oil_Pressure_bar,3.8016015e-07
t10__Coolant_Temp_C,3.7855028e-07
t11__Speed_kmph,3.6773946e-07
t02__Engine_Vibration_mm_s_delta1,3.587566e-07
t03__Turbo_Boost_kPa,3.450793e-07
t06__Exhaust_Ambient_Delta,3.321002e-07
t25__Oil_Pressure_bar_delta1,3.3104632e-07
t08__Coolant_Temp_C,3.2476225e-07
t19__Oil_Pressure_bar,3.0762294e-07
t00__Exhaust_Gas_Temp_C,2.9191196e-07
t21__Oil_Pressure_bar,2.8109105e-07
t19__Engine_Vibration_mm_s_delta1,2.8048524e-07
t18__Exhaust_Ambient_Delta,2.4174912e-07
t02__Coolant_Temp_C_delta1,2.3021266e-07
t02__Turbo_Boost_kPa,2.264843e-07
t23__Engine_RPM,2.0393648e-07
t16__Tire_Pressure_psi,2.016763e-07
t02__Coolant_Temp_C,2.0096425e-07
t11__Ambient_Temp_C,1.9198262e-07
t13__Oil_Temp_C_delta1,1.770397e-07
t02__Coolant_Ambient_Delta,1.7116595e-07
t26__Load_RPM_Ratio,1.687551e-07
t11__Turbo_Boost_kPa,1.6870341e-07
t01__Throttle_Position_pct,1.5574982e-07
t05__Ambient_Temp_C,1.5255854e-07
t24__Intake_Air_Temp_C,1.397948e-07
t09__Engine_RPM,8.976607e-08
t05__Oil_Pressure_bar_delta1,8.890064e-08
t13__Turbo_Boost_kPa,8.588286e-08
t00__Oil_Pressure_bar_delta1,7.515412e-08
t01__Intake_Air_Temp_C,6.977139e-08
t27__Coolant_Ambient_Delta,4.8716934e-08
t10__Oil_Temp_C_delta1,4.1822545e-08
t01__Brake_Pad_Wear_pct_delta1,7.3740622e-09
t17__Engine_Load_pct,3.4134369e-09
t15__Turbo_Boost_kPa,0.0
t20__Load_RPM_Ratio,0.0
t20__Coolant_Temp_C_delta1,0.0
t14__Brake_Pad_Wear_pct_past_mean10,0.0
t14__Oil_Temp_C_delta1,0.0
t14__Oil_Pressure_bar_delta1,0.0
t14__Engine_Vibration_mm_s_delta1,0.0
t14__Brake_Pad_Wear_pct_delta1,0.0
t20__Brake_Pad_Wear_pct_delta1,0.0
t20__RF_Prediction,0.0
t21__Operating_Hours,0.0
t21__Engine_RPM,0.0
t21__Speed_kmph,0.0
t21__Engine_Load_pct,0.0
t14__Turbo_Boost_kPa,0.0
t14__Engine_Vibration_mm_s,0.0
t14__Brake_Pad_Wear_pct,0.0
t21__Ambient_Temp_C,0.0
t21__Engine_Vibration_mm_s,0.0
t21__Brake_Pad_Wear_pct,0.0
t21__Coolant_Ambient_Delta,0.0
t21__Oil_Ambient_Delta,0.0
t21__Load_RPM_Ratio,0.0
t13__Brake_Pad_Wear_pct_delta1,0.0
t13__RF_Prediction,0.0
t14__Engine_RPM,0.0
t14__Speed_kmph,0.0
t14__Coolant_Temp_C,0.0
t14__Oil_Pressure_bar,0.0
t13__Oil_Ambient_Delta,0.0
t13__Load_RPM_Ratio,0.0
t13__Brake_Pad_Wear_pct_past_mean10,0.0
t13__Brake_Pad_Wear_pct_past_std10,0.0
t21__Brake_Pad_Wear_pct_past_mean10,0.0
t21__Coolant_Temp_C_delta1,0.0
t21__Brake_Pad_Wear_pct_delta1,0.0
t13__Speed_kmph,0.0
t13__Throttle_Position_pct,0.0
t13__Ambient_Temp_C,0.0
t13__Exhaust_Gas_Temp_C,0.0
t13__Engine_Vibration_mm_s,0.0
t21__RF_Prediction,0.0
t22__Engine_RPM,0.0
t22__Speed_kmph,0.0
t22__Oil_Pressure_bar,0.0
t22__Ambient_Temp_C,0.0
t22__Turbo_Boost_kPa,0.0
t22__Engine_Vibration_mm_s,0.0
t12__Brake_Pad_Wear_pct_past_mean10,0.0
t12__Coolant_Temp_C_delta1,0.0
t12__Oil_Temp_C_delta1,0.0
t12__Brake_Pad_Wear_pct_delta1,0.0
t12__RF_Prediction,0.0
t12__Ambient_Temp_C,0.0
t12__Turbo_Boost_kPa,0.0
t12__Engine_Vibration_mm_s,0.0
t12__Brake_Pad_Wear_pct,0.0
t12__Exhaust_Ambient_Delta,0.0
t12__Load_RPM_Ratio,0.0
t22__Coolant_Ambient_Delta,0.0
t11__RF_Prediction,0.0
t12__Operating_Hours,0.0
t12__Engine_Load_pct,0.0
t22__Brake_Pad_Wear_pct_past_mean10,0.0
t22__Brake_Pad_Wear_pct_past_std10,0.0
t22__Oil_Temp_C_delta1,0.0
t22__Oil_Pressure_bar_delta1,0.0
t22__Engine_Vibration_mm_s_delta1,0.0
t22__RF_Prediction,0.0
t23__Speed_kmph,0.0
t11__Brake_Pad_Wear_pct_past_mean10,0.0
t11__Oil_Temp_C_delta1,0.0
t23__Oil_Pressure_bar,0.0
t23__Ambient_Temp_C,0.0
t23__Turbo_Boost_kPa,0.0
t23__Tire_Pressure_psi,0.0
t23__Coolant_Ambient_Delta,0.0
t23__Exhaust_Ambient_Delta,0.0
t11__Oil_Pressure_bar,0.0
t11__Engine_Load_pct,0.0
t11__Brake_Pad_Wear_pct,0.0
t11__Coolant_Ambient_Delta,0.0
t11__Oil_Ambient_Delta,0.0
t10__Brake_Pad_Wear_pct_past_mean10,0.0
t10__Brake_Pad_Wear_pct_past_std10,0.0
t10__Coolant_Temp_C_delta1,0.0
t10__Oil_Pressure_bar_delta1,0.0
t10__Brake_Pad_Wear_pct_delta1,0.0
t10__RF_Prediction,0.0
t11__Operating_Hours,0.0
t01__Oil_Ambient_Delta,0.0
t01__Exhaust_Ambient_Delta,0.0
t23__Load_RPM_Ratio,0.0
t23__Brake_Pad_Wear_pct_past_mean10,0.0
t10__Ambient_Temp_C,0.0
t10__Turbo_Boost_kPa,0.0
t10__Tire_Pressure_psi,0.0
t29__Throttle_Position_pct,0.0
t10__Oil_Ambient_Delta,0.0
t29__Intake_Air_Temp_C,0.0
t29__Tire_Pressure_psi,0.0
t23__Oil_Pressure_bar_delta1,0.0
t23__Engine_Vibration_mm_s_delta1,0.0
t29__Coolant_Ambient_Delta,0.0
t23__RF_Prediction,0.0
t24__Engine_RPM,0.0
t24__Oil_Temp_C,0.0
t09__Engine_Vibration_mm_s_delta1,0.0
t09__Brake_Pad_Wear_pct_delta1,0.0
t09__RF_Prediction,0.0
t10__Speed_kmph,0.0
t29__Exhaust_Ambient_Delta,0.0
t29__Oil_Pressure_bar_delta1,0.0
t10__Engine_Load_pct,0.0
t10__Throttle_Position_pct,0.0
t17__Engine_Vibration_mm_s_delta1,0.0
t09__Brake_Pad_Wear_pct_past_mean10,0.0
t09__Brake_Pad_Wear_pct_past_std10,0.0
t09__Coolant_Temp_C_delta1,0.0
t00__Coolant_Temp_C_delta1,0.0
t17__Brake_Pad_Wear_pct_delta1,0.0
t17__RF_Abnormal_Probability,0.0
t00__Engine_Vibration_mm_s_delta1,0.0
t00__Brake_Pad_Wear_pct_delta1,0.0
t00__RF_Prediction,0.0
t24__Engine_Load_pct,0.0
t09__Engine_Load_pct,0.0
t17__RF_Prediction,0.0
t09__Ambient_Temp_C,0.0
t09__Turbo_Boost_kPa,0.0
t09__Tire_Pressure_psi,0.0
t09__Oil_Ambient_Delta,0.0
t18__Operating_Hours,0.0
t24__Ambient_Temp_C,0.0
t24__Exhaust_Gas_Temp_C,0.0
t24__Engine_Vibration_mm_s,0.0
t24__Tire_Pressure_psi,0.0
t03__Oil_Ambient_Delta,0.0
t08__Brake_Pad_Wear_pct_past_mean10,0.0
t08__Coolant_Temp_C_delta1,0.0
t08__Oil_Temp_C_delta1,0.0
t18__Engine_Load_pct,0.0
t08__Brake_Pad_Wear_pct_delta1,0.0
t08__RF_Prediction,0.0
t17__Brake_Pad_Wear_pct_past_mean10,0.0
t24__Brake_Pad_Wear_pct_past_mean10,0.0
t24__Coolant_Temp_C_delta1,0.0
t24__Oil_Temp_C_delta1,0.0
t24__Oil_Pressure_bar_delta1,0.0
t24__Engine_Vibration_mm_s_delta1,0.0
t24__Brake_Pad_Wear_pct_delta1,0.0
t24__RF_Prediction,0.0
t08__Brake_Pad_Wear_pct,0.0
t08__Tire_Pressure_psi,0.0
t17__Brake_Pad_Wear_pct_past_std10,0.0
t17__Oil_Temp_C_delta1,0.0
t08__Load_RPM_Ratio,0.0
t17__Oil_Pressure_bar_delta1,0.0
t08__Oil_Pressure_bar_past_std10,0.0
t25__Engine_RPM,0.0
t25__Oil_Temp_C,0.0
t25__Engine_Load_pct,0.0
t18__Coolant_Ambient_Delta,0.0
t25__Ambient_Temp_C,0.0
t25__Turbo_Boost_kPa,0.0
t25__Coolant_Ambient_Delta,0.0
t08__Operating_Hours,0.0
t08__Engine_RPM,0.0
t18__Load_RPM_Ratio,0.0
t08__Oil_Temp_C,0.0
t17__Intake_Air_Temp_C,0.0
t17__Turbo_Boost_kPa,0.0
t08__Intake_Air_Temp_C,0.0
t08__Ambient_Temp_C,0.0
t17__Coolant_Ambient_Delta,0.0
t08__Exhaust_Gas_Temp_C,0.0
t07__Brake_Pad_Wear_pct_past_mean10,0.0
t17__Load_RPM_Ratio,0.0
t07__Oil_Temp_C_delta1,0.0
t18__Brake_Pad_Wear_pct_past_mean10,0.0
t18__Oil_Pressure_bar_delta1,0.0
t07__Brake_Pad_Wear_pct_delta1,0.0
t07__RF_Prediction,0.0
t25__Oil_Ambient_Delta,0.0
t25__Exhaust_Ambient_Delta,0.0
t07__Ambient_Temp_C,0.0
t07__Turbo_Boost_kPa,0.0
t18__Engine_Vibration_mm_s_delta1,0.0
t18__Brake_Pad_Wear_pct_delta1,0.0
t07__Load_RPM_Ratio,0.0
t07__Engine_Load_pct_past_std10,0.0
t25__Coolant_Temp_C_delta1,0.0
t25__Oil_Temp_C_delta1,0.0
t18__RF_Prediction,0.0
t25__Engine_Vibration_mm_s_delta1,0.0
t25__RF_Prediction,0.0
t26__Engine_RPM,0.0
t26__Speed_kmph,0.0
t16__Engine_Vibration_mm_s_delta1,0.0
t26__Oil_Temp_C,0.0
t26__Oil_Pressure_bar,0.0
t06__Oil_Pressure_bar_delta1,0.0
t06__Engine_Vibration_mm_s_delta1,0.0
t06__Brake_Pad_Wear_pct_delta1,0.0
t06__RF_Prediction,0.0
t16__Brake_Pad_Wear_pct_delta1,0.0
t07__Engine_Load_pct,0.0
t16__RF_Prediction,0.0
t06__Brake_Pad_Wear_pct_past_mean10,0.0
t06__Brake_Pad_Wear_pct_past_std10,0.0
t17__Odometer_km,0.0
t26__Engine_Load_pct,0.0
t26__Throttle_Position_pct,0.0
t26__Ambient_Temp_C,0.0
t26__Coolant_Ambient_Delta,0.0
t26__Oil_Ambient_Delta,0.0
t26__Exhaust_Ambient_Delta,0.0
t17__Speed_kmph,0.0
t17__Coolant_Temp_C,0.0
t06__Engine_Load_pct,0.0
t17__Oil_Temp_C,0.0
t06__Intake_Air_Temp_C,0.0
t17__Oil_Pressure_bar,0.0
t06__Tire_Pressure_psi,0.0
t06__Coolant_Ambient_Delta,0.0
t17__Fuel_Level_pct,0.0
t19__Engine_RPM,0.0
t26__Brake_Pad_Wear_pct_past_mean10,0.0
t26__Coolant_Temp_C_delta1,0.0
t19__Coolant_Temp_C,0.0
t26__Oil_Pressure_bar_delta1,0.0
t05__Brake_Pad_Wear_pct_past_mean10,0.0
t29__RF_Prediction,0.0
t05__Coolant_Temp_C_delta1,0.0
t05__Oil_Temp_C_delta1,0.0
t19__Intake_Air_Temp_C,0.0
t05__Brake_Pad_Wear_pct_delta1,0.0
t05__RF_Prediction,0.0
t06__Operating_Hours,0.0
t19__Engine_Vibration_mm_s,0.0
t16__Coolant_Ambient_Delta,0.0
t06__Coolant_Temp_C,0.0
t06__Oil_Temp_C,0.0
t26__Engine_Vibration_mm_s_delta1,0.0
t26__RF_Prediction,0.0
t16__Load_RPM_Ratio,0.0
t27__Engine_Load_pct,0.0
t27__Intake_Air_Temp_C,0.0
t01__Coolant_Temp_C_delta1,0.0
t01__Oil_Temp_C_delta1,0.0
t01__Oil_Pressure_bar_delta1,0.0
t16__Brake_Pad_Wear_pct_past_mean10,0.0
t01__Engine_Load_pct,0.0
t01__RF_Prediction,0.0
t01__Ambient_Temp_C,0.0
t01__Turbo_Boost_kPa,0.0
t19__Brake_Pad_Wear_pct,0.0
t19__Tire_Pressure_psi,0.0
t05__Coolant_Ambient_Delta,0.0
t05__Oil_Ambient_Delta,0.0
t05__Exhaust_Ambient_Delta,0.0
t19__Coolant_Ambient_Delta,0.0
t27__Brake_Pad_Wear_pct,0.0
t19__Oil_Ambient_Delta,0.0
t19__Exhaust_Ambient_Delta,0.0
t27__Oil_Ambient_Delta,0.0
t19__Load_RPM_Ratio,0.0
t27__Load_RPM_Ratio,0.0
t16__Speed_kmph,0.0
t16__Oil_Pressure_bar,0.0
t05__Coolant_Temp_C,0.0
t05__Oil_Temp_C,0.0
t05__Engine_Load_pct,0.0
t16__Battery_Voltage_V,0.0
t16__Intake_Air_Temp_C,0.0
t05__Exhaust_Gas_Temp_C,0.0
t05__Engine_Vibration_mm_s,0.0
t27__Brake_Pad_Wear_pct_past_mean10,0.0
t27__Coolant_Temp_C_delta1,0.0
t16__Ambient_Temp_C,0.0
t27__Brake_Pad_Wear_pct_delta1,0.0
t27__RF_Prediction,0.0
t04__Brake_Pad_Wear_pct_past_mean10,0.0
t04__Coolant_Temp_C_delta1,0.0
t04__Oil_Pressure_bar_delta1,0.0
t04__Engine_Vibration_mm_s_delta1,0.0
t04__Brake_Pad_Wear_pct_delta1,0.0
t06__Exhaust_Gas_Temp_C,0.0
t16__Engine_Vibration_mm_s,0.0
t28__Engine_Load_pct,0.0
t28__Intake_Air_Temp_C,0.0
t28__Ambient_Temp_C,0.0
t28__Turbo_Boost_kPa,0.0
t28__Tire_Pressure_psi,0.0
t19__Brake_Pad_Wear_pct_past_mean10,0.0
t04__Turbo_Boost_kPa,0.0
t19__Coolant_Temp_C_delta1,0.0
t04__Engine_Vibration_mm_s,0.0
t04__Brake_Pad_Wear_pct,0.0
t04__Tire_Pressure_psi,0.0
t04__Oil_Ambient_Delta,0.0
t04__Exhaust_Ambient_Delta,0.0
t19__Oil_Temp_C_delta1,0.0
t19__RF_Prediction,0.0
t03__Engine_Vibration_mm_s_delta1,0.0
t20__Oil_Pressure_bar,0.0
t03__RF_Prediction,0.0
t04__Oil_Temp_C,0.0
t04__Throttle_Position_pct,0.0
t03__Brake_Pad_Wear_pct_past_std10,0.0
t03__Oil_Temp_C_delta1,0.0
t28__Oil_Ambient_Delta,0.0
t28__Exhaust_Ambient_Delta,0.0
t28__Load_RPM_Ratio,0.0
t28__Brake_Pad_Wear_pct_past_mean10,0.0
t20__Battery_Voltage_V,0.0
t20__Ambient_Temp_C,0.0
t03__Ambient_Temp_C,0.0
t20__Engine_Vibration_mm_s,0.0
t03__Tire_Pressure_psi,0.0
t20__Brake_Pad_Wear_pct,0.0
t29__Ambient_Temp_C,0.0
t20__Coolant_Ambient_Delta,0.0
t28__Oil_Temp_C_delta1,0.0
t28__Oil_Pressure_bar_delta1,0.0
t28__Engine_Vibration_mm_s_delta1,0.0
t28__RF_Prediction,0.0
t29__Speed_kmph,0.0
t29__Coolant_Temp_C,0.0
t20__Oil_Ambient_Delta,0.0
t15__Brake_Pad_Wear_pct_past_mean10,0.0
t02__Oil_Temp_C_delta1,0.0
t15__Brake_Pad_Wear_pct_past_std10,0.0
t15__Coolant_Temp_C_delta1,0.0
t15__Oil_Temp_C_delta1,0.0
t02__RF_Prediction,0.0
t15__Oil_Pressure_bar_delta1,0.0
t18__Oil_Pressure_bar,0.0
t15__Engine_Vibration_mm_s_delta1,0.0
t02__Exhaust_Ambient_Delta,0.0
t15__Brake_Pad_Wear_pct_delta1,0.0
t29__Brake_Pad_Wear_pct_past_mean10,0.0
t15__RF_Prediction,0.0
t16__Operating_Hours,0.0
t15__Tire_Pressure_psi,0.0
t15__Coolant_Ambient_Delta,0.0
t15__Oil_Ambient_Delta,0.0
t15__Exhaust_Ambient_Delta,0.0
t14__RF_Prediction,0.0
t15__Engine_RPM,0.0
t15__Speed_kmph,0.0
t15__Ambient_Temp_C,0.0
t04__RF_Prediction,0.0
