feature_name,importance
Battery_Voltage_V_t27,0.12566505
Battery_Voltage_V_t25,0.078164615
Battery_Voltage_V_t29,0.074205
Battery_Voltage_V_t28,0.06693837
Battery_Voltage_V_t24,0.06096227
Brake_Pad_Wear_pct_t28,0.05232045
Brake_Pad_Wear_pct_t26,0.042596634
Brake_Pad_Wear_pct_t29,0.042434406
Brake_Pad_Wear_pct_t27,0.03695479
Battery_Voltage_V_t18,0.03510226
Battery_Voltage_V_t23,0.031033238
Battery_Voltage_V_t19,0.02871686
Battery_Voltage_V_t26,0.02572735
Battery_Voltage_V_t17,0.022435484
Battery_Voltage_V_t16,0.018275969
Brake_Pad_Wear_pct_t25,0.01785979
Brake_Pad_Wear_pct_t24,0.014715835
Battery_Voltage_V_t21,0.013276592
Battery_Voltage_V_t15,0.012028888
Battery_Voltage_V_t14,0.0116957305
Ambient_Temp_C_t20,0.00963634
Battery_Voltage_V_t22,0.009609874
Operating_Terrain_Arctic_t0,0.009441207
Battery_Voltage_V_t13,0.009104721
Ambient_Temp_C_t25,0.00848113
Brake_Pad_Wear_pct_t23,0.008005055
Battery_Voltage_V_t20,0.007942976
Battery_Voltage_V_t12,0.0076550054
Timestamp_Month_t29,0.0072301403
Ambient_Temp_C_t15,0.006223535
Battery_Voltage_V_t11,0.006221695
Ambient_Temp_C_t28,0.005942756
Operating_Terrain_Desert_t0,0.0052601853
Timestamp_Month_t0,0.0042834263
Ambient_Temp_C_t5,0.0038013638
RF_Abnormal_Probability_t24,0.0037156618
Odometer_km_t0,0.0036521663
RF_Abnormal_Probability_t27,0.003536762
RF_Abnormal_Probability_t25,0.0030808083
Ambient_Temp_C_t9,0.0029918272
Ambient_Temp_C_t2,0.0029713167
Intake_Air_Temp_C_t8,0.0028181185
Intake_Air_Temp_C_t13,0.0027839304
Brake_Pad_Wear_pct_t21,0.0026715996
Brake_Pad_Wear_pct_t22,0.0026447948
Ambient_Temp_C_t0,0.0025038924
Ambient_Temp_C_t13,0.002417822
RF_Abnormal_Probability_t29,0.0023571711
Brake_Pad_Wear_pct_t10,0.0023124
Brake_Pad_Wear_pct_t6,0.0020950853
Ambient_Temp_C_t10,0.0020112488
Ambient_Temp_C_t16,0.0018579429
Intake_Air_Temp_C_t4,0.0018114924
RF_Abnormal_Probability_t23,0.0018079218
Brake_Pad_Wear_pct_t16,0.0017975285
Brake_Pad_Wear_pct_t14,0.0017036416
Brake_Pad_Wear_pct_t20,0.0016702499
Brake_Pad_Wear_pct_t18,0.0016291246
Brake_Pad_Wear_pct_t5,0.0015247902
Brake_Pad_Wear_pct_t4,0.0013896174
Brake_Pad_Wear_pct_t19,0.001336154
Brake_Pad_Wear_pct_t7,0.0012341806
Brake_Pad_Wear_pct_t17,0.00111063
Ambient_Temp_C_t21,0.0010607134
Brake_Pad_Wear_pct_t12,0.0009354105
Brake_Pad_Wear_pct_t9,0.000845663
Ambient_Temp_C_t3,0.00077506993
Brake_Pad_Wear_pct_t15,0.00074509537
Timestamp_DayOfWeek_t17,0.0007328532
Brake_Pad_Wear_pct_t0,0.000715747
RF_Abnormal_Probability_t18,0.00066658575
Brake_Pad_Wear_pct_t11,0.00063563295
Battery_Voltage_V_t8,0.00060211174
Brake_Pad_Wear_pct_t3,0.0004885945
Brake_Pad_Wear_pct_t2,0.00047929154
Operating_Terrain_Mountain_t0,0.0004779701
Battery_Voltage_V_t10,0.0004320818
RF_Abnormal_Probability_t22,0.0003941336
Battery_Voltage_V_t7,0.00039048915
Brake_Pad_Wear_pct_t13,0.00037547547
Battery_Voltage_V_t0,0.00035037025
Operating_Terrain_Jungle_t0,0.00033730394
Brake_Pad_Wear_pct_t8,0.0003230803
Timestamp_DayOfWeek_t6,0.0002940971
Ambient_Temp_C_t17,0.00028543512
RF_Abnormal_Probability_t0,0.00023212956
RF_Abnormal_Probability_t3,0.0002227425
Timestamp_DayOfWeek_t21,0.00022258973
Ambient_Temp_C_t4,0.00021709598
Battery_Voltage_V_t9,0.00021274807
Intake_Air_Temp_C_t11,0.00021076908
Timestamp_DayOfWeek_t19,0.00020520609
Battery_Voltage_V_t1,0.00020433297
Ambient_Temp_C_t18,0.00019942604
Timestamp_DayOfWeek_t12,0.0001989069
RF_Abnormal_Probability_t13,0.00019433854
RF_Abnormal_Probability_t2,0.00018678415
Brake_Pad_Wear_pct_t1,0.00017400674
Timestamp_DayOfWeek_t25,0.00017032176
RF_Abnormal_Probability_t11,0.00013481658
Timestamp_DayOfWeek_t26,0.00012981526
Timestamp_DayOfWeek_t0,9.879062e-05
Timestamp_DayOfWeek_t14,9.689606e-05
Intake_Air_Temp_C_t27,8.4421496e-05
Ambient_Temp_C_t6,8.234101e-05
Ambient_Temp_C_t14,8.194263e-05
RF_Abnormal_Probability_t28,7.034894e-05
Ambient_Temp_C_t11,6.904248e-05
Battery_Voltage_V_t2,6.7287634e-05
Timestamp_DayOfWeek_t28,6.451286e-05
Ambient_Temp_C_t22,6.0566617e-05
RF_Abnormal_Probability_t5,5.8804148e-05
Ambient_Temp_C_t8,5.633582e-05
Ambient_Temp_C_t27,5.5427878e-05
Operating_Terrain_Urban_t0,3.848098e-05
Battery_Voltage_V_t4,3.6520018e-05
Timestamp_DayOfWeek_t5,2.5431491e-05
Exhaust_Gas_Temp_C_t11,1.1993195e-05
Engine_Vibration_mm_s_t8,1.1644438e-05
Ambient_Temp_C_t26,1.02618205e-05
Timestamp_DayOfWeek_t29,1.0202413e-05
Timestamp_DayOfWeek_t9,9.34714e-06
Ambient_Temp_C_t29,8.382415e-06
Intake_Air_Temp_C_t28,7.671186e-06
Intake_Air_Temp_C_t29,6.136121e-06
Tire_Pressure_psi_t5,5.9624945e-06
Timestamp_DayOfWeek_t13,3.8421185e-06
Timestamp_DayOfWeek_t11,2.8978704e-06
Timestamp_Hour_t8,1.8157174e-06
Timestamp_DayOfWeek_t2,1.7629744e-06
Engine_Load_pct_t14,1.7558424e-06
Intake_Air_Temp_C_t26,1.2784616e-06
Timestamp_Hour_t18,1.070222e-06
Timestamp_DayOfWeek_t4,1.033766e-06
Timestamp_Hour_t1,8.7212385e-07
Engine_Vibration_mm_s_t3,7.884584e-07
Timestamp_DayOfWeek_t8,7.8819306e-07
Timestamp_DayOfWeek_t15,7.855186e-07
Oil_Pressure_bar_t3,7.7665163e-07
Timestamp_DayOfWeek_t1,7.3883604e-07
Tire_Pressure_psi_t21,7.387955e-07
Timestamp_Hour_t4,7.2724646e-07
Transmission_Oil_Temp_C_t23,6.034157e-07
Engine_RPM_t19,6.018404e-07
RF_Abnormal_Probability_t7,5.332627e-07
Speed_kmph_t24,5.1741824e-07
Speed_kmph_t22,4.9357044e-07
Speed_kmph_t16,4.7267406e-07
Battery_Voltage_V_t5,1.4576132e-07
Transmission_Oil_Temp_C_t18,8.797549e-08
Oil_Temp_C_t4,0.0
Coolant_Temp_C_t4,0.0
Speed_kmph_t4,0.0
Engine_RPM_t4,0.0
Odometer_km_t4,0.0
Operating_Terrain_Urban_t3,0.0
Operating_Terrain_Mountain_t3,0.0
Operating_Terrain_Jungle_t3,0.0
Operating_Terrain_Desert_t3,0.0
Operating_Terrain_Arctic_t3,0.0
RF_Abnormal_Prediction_t3,0.0
Timestamp_Month_t3,0.0
Operating_Terrain_Arctic_t4,0.0
RF_Abnormal_Prediction_t4,0.0
RF_Abnormal_Probability_t4,0.0
Timestamp_Month_t4,0.0
Transmission_Oil_Temp_C_t4,0.0
Tire_Pressure_psi_t4,0.0
Engine_Vibration_mm_s_t4,0.0
Exhaust_Gas_Temp_C_t4,0.0
Turbo_Boost_kPa_t4,0.0
Throttle_Position_pct_t4,0.0
Engine_Load_pct_t4,0.0
Intake_Air_Temp_C_t5,0.0
Throttle_Position_pct_t5,0.0
Engine_Load_pct_t5,0.0
Fuel_Level_pct_t5,0.0
Oil_Pressure_bar_t5,0.0
Oil_Temp_C_t5,0.0
Coolant_Temp_C_t5,0.0
Speed_kmph_t5,0.0
Engine_RPM_t5,0.0
Odometer_km_t5,0.0
Operating_Terrain_Urban_t4,0.0
Operating_Terrain_Mountain_t4,0.0
Operating_Terrain_Jungle_t4,0.0
Operating_Terrain_Desert_t4,0.0
Operating_Terrain_Urban_t5,0.0
Operating_Terrain_Mountain_t5,0.0
Operating_Terrain_Jungle_t5,0.0
Operating_Terrain_Desert_t5,0.0
Operating_Terrain_Arctic_t5,0.0
RF_Abnormal_Prediction_t5,0.0
Timestamp_Month_t5,0.0
Timestamp_Hour_t5,0.0
Transmission_Oil_Temp_C_t5,0.0
Engine_Vibration_mm_s_t5,0.0
Exhaust_Gas_Temp_C_t5,0.0
Turbo_Boost_kPa_t5,0.0
Engine_Vibration_mm_s_t6,0.0
Exhaust_Gas_Temp_C_t6,0.0
Turbo_Boost_kPa_t6,0.0
Intake_Air_Temp_C_t6,0.0
Throttle_Position_pct_t6,0.0
Engine_Load_pct_t6,0.0
Battery_Voltage_V_t6,0.0
Fuel_Level_pct_t6,0.0
Oil_Pressure_bar_t6,0.0
Oil_Temp_C_t6,0.0
Coolant_Temp_C_t6,0.0
Speed_kmph_t6,0.0
Engine_RPM_t6,0.0
Odometer_km_t6,0.0
Coolant_Temp_C_t7,0.0
Speed_kmph_t7,0.0
Engine_RPM_t7,0.0
Odometer_km_t7,0.0
Operating_Terrain_Urban_t6,0.0
Operating_Terrain_Mountain_t6,0.0
Operating_Terrain_Jungle_t6,0.0
Operating_Terrain_Desert_t6,0.0
Operating_Terrain_Arctic_t6,0.0
RF_Abnormal_Prediction_t2,0.0
Timestamp_Month_t2,0.0
Timestamp_Hour_t2,0.0
Transmission_Oil_Temp_C_t2,0.0
Tire_Pressure_psi_t2,0.0
Timestamp_DayOfWeek_t3,0.0
Timestamp_Hour_t3,0.0
Transmission_Oil_Temp_C_t3,0.0
Tire_Pressure_psi_t3,0.0
Exhaust_Gas_Temp_C_t3,0.0
Turbo_Boost_kPa_t3,0.0
RF_Abnormal_Prediction_t6,0.0
RF_Abnormal_Probability_t6,0.0
Timestamp_Month_t6,0.0
Timestamp_Hour_t6,0.0
Transmission_Oil_Temp_C_t6,0.0
Tire_Pressure_psi_t6,0.0
Timestamp_DayOfWeek_t7,0.0
Timestamp_Hour_t7,0.0
Transmission_Oil_Temp_C_t7,0.0
Tire_Pressure_psi_t7,0.0
Engine_Vibration_mm_s_t7,0.0
Exhaust_Gas_Temp_C_t7,0.0
Turbo_Boost_kPa_t7,0.0
Ambient_Temp_C_t7,0.0
Intake_Air_Temp_C_t7,0.0
Throttle_Position_pct_t7,0.0
Engine_Load_pct_t7,0.0
Fuel_Level_pct_t7,0.0
Oil_Pressure_bar_t7,0.0
Oil_Temp_C_t7,0.0
Fuel_Level_pct_t8,0.0
Oil_Pressure_bar_t8,0.0
Oil_Temp_C_t8,0.0
Coolant_Temp_C_t8,0.0
Speed_kmph_t8,0.0
Engine_RPM_t8,0.0
Odometer_km_t8,0.0
Operating_Terrain_Urban_t7,0.0
Operating_Terrain_Mountain_t7,0.0
Operating_Terrain_Jungle_t7,0.0
Operating_Terrain_Desert_t7,0.0
Operating_Terrain_Arctic_t7,0.0
RF_Abnormal_Prediction_t7,0.0
Timestamp_Month_t7,0.0
Operating_Terrain_Arctic_t8,0.0
RF_Abnormal_Prediction_t8,0.0
RF_Abnormal_Probability_t8,0.0
Timestamp_Month_t8,0.0
Transmission_Oil_Temp_C_t8,0.0
Tire_Pressure_psi_t8,0.0
Exhaust_Gas_Temp_C_t8,0.0
Turbo_Boost_kPa_t8,0.0
Throttle_Position_pct_t8,0.0
Engine_Load_pct_t8,0.0
Intake_Air_Temp_C_t9,0.0
Throttle_Position_pct_t9,0.0
Engine_Load_pct_t9,0.0
Fuel_Level_pct_t9,0.0
Oil_Pressure_bar_t9,0.0
Oil_Temp_C_t9,0.0
Coolant_Temp_C_t9,0.0
Speed_kmph_t9,0.0
Engine_RPM_t9,0.0
Odometer_km_t9,0.0
Operating_Terrain_Urban_t8,0.0
Operating_Terrain_Mountain_t8,0.0
Operating_Terrain_Jungle_t8,0.0
Operating_Terrain_Desert_t8,0.0
Operating_Terrain_Urban_t9,0.0
Operating_Terrain_Mountain_t9,0.0
Operating_Terrain_Jungle_t9,0.0
Operating_Terrain_Desert_t9,0.0
Operating_Terrain_Arctic_t9,0.0
RF_Abnormal_Prediction_t9,0.0
RF_Abnormal_Probability_t9,0.0
Timestamp_Month_t9,0.0
Timestamp_Hour_t9,0.0
Transmission_Oil_Temp_C_t9,0.0
Tire_Pressure_psi_t9,0.0
Engine_Vibration_mm_s_t9,0.0
Exhaust_Gas_Temp_C_t9,0.0
Turbo_Boost_kPa_t9,0.0
Engine_Vibration_mm_s_t10,0.0
Exhaust_Gas_Temp_C_t10,0.0
Turbo_Boost_kPa_t10,0.0
Intake_Air_Temp_C_t10,0.0
Throttle_Position_pct_t10,0.0
Engine_Load_pct_t10,0.0
Fuel_Level_pct_t10,0.0
Oil_Pressure_bar_t10,0.0
Oil_Temp_C_t10,0.0
Coolant_Temp_C_t10,0.0
Speed_kmph_t10,0.0
Engine_RPM_t10,0.0
Odometer_km_t10,0.0
Coolant_Temp_C_t11,0.0
Speed_kmph_t11,0.0
Engine_RPM_t11,0.0
Odometer_km_t11,0.0
Operating_Terrain_Urban_t10,0.0
Operating_Terrain_Mountain_t10,0.0
Operating_Terrain_Jungle_t10,0.0
Operating_Terrain_Desert_t10,0.0
Operating_Terrain_Arctic_t10,0.0
RF_Abnormal_Prediction_t10,0.0
RF_Abnormal_Probability_t10,0.0
Timestamp_Month_t10,0.0
Timestamp_DayOfWeek_t10,0.0
Timestamp_Hour_t10,0.0
Transmission_Oil_Temp_C_t10,0.0
Tire_Pressure_psi_t10,0.0
Timestamp_Hour_t11,0.0
Transmission_Oil_Temp_C_t11,0.0
Tire_Pressure_psi_t11,0.0
Engine_Vibration_mm_s_t11,0.0
Turbo_Boost_kPa_t11,0.0
Throttle_Position_pct_t11,0.0
Engine_Load_pct_t11,0.0
Fuel_Level_pct_t11,0.0
Oil_Pressure_bar_t11,0.0
Oil_Temp_C_t11,0.0
Fuel_Level_pct_t12,0.0
Oil_Pressure_bar_t12,0.0
Oil_Temp_C_t12,0.0
Coolant_Temp_C_t12,0.0
Speed_kmph_t12,0.0
Engine_RPM_t12,0.0
Odometer_km_t12,0.0
Operating_Terrain_Urban_t11,0.0
Operating_Terrain_Mountain_t11,0.0
Operating_Terrain_Jungle_t11,0.0
Operating_Terrain_Desert_t11,0.0
Operating_Terrain_Arctic_t11,0.0
RF_Abnormal_Prediction_t11,0.0
Timestamp_Month_t11,0.0
Operating_Terrain_Arctic_t12,0.0
RF_Abnormal_Prediction_t12,0.0
RF_Abnormal_Probability_t12,0.0
Timestamp_Month_t12,0.0
Timestamp_Hour_t12,0.0
Transmission_Oil_Temp_C_t12,0.0
Tire_Pressure_psi_t12,0.0
Engine_Vibration_mm_s_t12,0.0
Exhaust_Gas_Temp_C_t12,0.0
Turbo_Boost_kPa_t12,0.0
Ambient_Temp_C_t12,0.0
Intake_Air_Temp_C_t12,0.0
Throttle_Position_pct_t12,0.0
Engine_Load_pct_t12,0.0
Throttle_Position_pct_t13,0.0
Engine_Load_pct_t13,0.0
Fuel_Level_pct_t13,0.0
Oil_Pressure_bar_t13,0.0
Oil_Temp_C_t13,0.0
Coolant_Temp_C_t13,0.0
Speed_kmph_t13,0.0
Engine_RPM_t13,0.0
Odometer_km_t13,0.0
Operating_Terrain_Urban_t12,0.0
Operating_Terrain_Mountain_t12,0.0
Operating_Terrain_Jungle_t12,0.0
Operating_Terrain_Desert_t12,0.0
Operating_Terrain_Urban_t13,0.0
Operating_Terrain_Mountain_t13,0.0
Operating_Terrain_Jungle_t13,0.0
Operating_Terrain_Desert_t13,0.0
Operating_Terrain_Arctic_t13,0.0
RF_Abnormal_Prediction_t13,0.0
Timestamp_Month_t13,0.0
Fuel_Level_pct_t2,0.0
Oil_Pressure_bar_t2,0.0
Oil_Temp_C_t2,0.0
Coolant_Temp_C_t2,0.0
Speed_kmph_t2,0.0
Engine_RPM_t2,0.0
Odometer_km_t2,0.0
Coolant_Temp_C_t3,0.0
Speed_kmph_t3,0.0
Engine_RPM_t3,0.0
Odometer_km_t3,0.0
Operating_Terrain_Urban_t2,0.0
Operating_Terrain_Mountain_t2,0.0
Operating_Terrain_Jungle_t2,0.0
Operating_Terrain_Desert_t2,0.0
Operating_Terrain_Arctic_t2,0.0
Timestamp_Hour_t13,0.0
Transmission_Oil_Temp_C_t13,0.0
Tire_Pressure_psi_t13,0.0
Engine_Vibration_mm_s_t13,0.0
Exhaust_Gas_Temp_C_t13,0.0
Turbo_Boost_kPa_t13,0.0
Engine_Vibration_mm_s_t14,0.0
Exhaust_Gas_Temp_C_t14,0.0
Turbo_Boost_kPa_t14,0.0
Intake_Air_Temp_C_t14,0.0
Throttle_Position_pct_t14,0.0
Fuel_Level_pct_t14,0.0
Oil_Pressure_bar_t14,0.0
Oil_Temp_C_t14,0.0
Coolant_Temp_C_t14,0.0
Speed_kmph_t14,0.0
Engine_RPM_t14,0.0
Odometer_km_t14,0.0
Coolant_Temp_C_t15,0.0
Speed_kmph_t15,0.0
Engine_RPM_t15,0.0
Odometer_km_t15,0.0
Operating_Terrain_Urban_t14,0.0
Operating_Terrain_Mountain_t14,0.0
Operating_Terrain_Jungle_t14,0.0
Operating_Terrain_Desert_t14,0.0
Operating_Terrain_Arctic_t14,0.0
RF_Abnormal_Prediction_t14,0.0
RF_Abnormal_Probability_t14,0.0
Timestamp_Month_t14,0.0
Timestamp_Hour_t14,0.0
Transmission_Oil_Temp_C_t14,0.0
Tire_Pressure_psi_t14,0.0
Timestamp_Hour_t15,0.0
Transmission_Oil_Temp_C_t15,0.0
Tire_Pressure_psi_t15,0.0
Engine_Vibration_mm_s_t15,0.0
Exhaust_Gas_Temp_C_t15,0.0
Turbo_Boost_kPa_t15,0.0
Intake_Air_Temp_C_t15,0.0
Throttle_Position_pct_t15,0.0
Engine_Load_pct_t15,0.0
Fuel_Level_pct_t15,0.0
Oil_Pressure_bar_t15,0.0
Oil_Temp_C_t15,0.0
Fuel_Level_pct_t16,0.0
Oil_Pressure_bar_t16,0.0
Oil_Temp_C_t16,0.0
Coolant_Temp_C_t16,0.0
Engine_RPM_t16,0.0
Odometer_km_t16,0.0
Operating_Terrain_Urban_t15,0.0
Operating_Terrain_Mountain_t15,0.0
Operating_Terrain_Jungle_t15,0.0
Operating_Terrain_Desert_t15,0.0
Operating_Terrain_Arctic_t15,0.0
RF_Abnormal_Prediction_t15,0.0
RF_Abnormal_Probability_t15,0.0
Timestamp_Month_t15,0.0
Operating_Terrain_Arctic_t16,0.0
RF_Abnormal_Prediction_t16,0.0
RF_Abnormal_Probability_t16,0.0
Timestamp_Month_t16,0.0
Timestamp_DayOfWeek_t16,0.0
Timestamp_Hour_t16,0.0
Transmission_Oil_Temp_C_t16,0.0
Tire_Pressure_psi_t16,0.0
Engine_Vibration_mm_s_t16,0.0
Exhaust_Gas_Temp_C_t16,0.0
Turbo_Boost_kPa_t16,0.0
Intake_Air_Temp_C_t16,0.0
Throttle_Position_pct_t16,0.0
Engine_Load_pct_t16,0.0
Operating_Terrain_Urban_t29,0.0
Intake_Air_Temp_C_t17,0.0
Throttle_Position_pct_t17,0.0
Engine_Load_pct_t17,0.0
Fuel_Level_pct_t17,0.0
Oil_Pressure_bar_t17,0.0
Oil_Temp_C_t17,0.0
Coolant_Temp_C_t17,0.0
Speed_kmph_t17,0.0
Engine_RPM_t17,0.0
Odometer_km_t17,0.0
Operating_Terrain_Urban_t16,0.0
Operating_Terrain_Mountain_t16,0.0
Operating_Terrain_Jungle_t16,0.0
Operating_Terrain_Desert_t16,0.0
Operating_Terrain_Urban_t17,0.0
Operating_Terrain_Mountain_t17,0.0
Operating_Terrain_Jungle_t17,0.0
Operating_Terrain_Desert_t17,0.0
Operating_Terrain_Arctic_t17,0.0
RF_Abnormal_Prediction_t17,0.0
RF_Abnormal_Probability_t17,0.0
Timestamp_Month_t17,0.0
Timestamp_Hour_t17,0.0
Transmission_Oil_Temp_C_t17,0.0
Tire_Pressure_psi_t17,0.0
Engine_Vibration_mm_s_t17,0.0
Exhaust_Gas_Temp_C_t17,0.0
Turbo_Boost_kPa_t17,0.0
Engine_Vibration_mm_s_t18,0.0
Exhaust_Gas_Temp_C_t18,0.0
Turbo_Boost_kPa_t18,0.0
Engine_RPM_t0,0.0
Intake_Air_Temp_C_t18,0.0
Throttle_Position_pct_t18,0.0
Engine_Load_pct_t18,0.0
Fuel_Level_pct_t18,0.0
Oil_Pressure_bar_t18,0.0
Oil_Temp_C_t18,0.0
Coolant_Temp_C_t18,0.0
Speed_kmph_t18,0.0
Engine_RPM_t18,0.0
Odometer_km_t18,0.0
Coolant_Temp_C_t19,0.0
Speed_kmph_t19,0.0
Speed_kmph_t0,0.0
Odometer_km_t19,0.0
Operating_Terrain_Urban_t18,0.0
Operating_Terrain_Mountain_t18,0.0
Operating_Terrain_Jungle_t18,0.0
Operating_Terrain_Desert_t18,0.0
Operating_Terrain_Arctic_t18,0.0
Coolant_Temp_C_t0,0.0
Transmission_Oil_Temp_C_t1,0.0
Tire_Pressure_psi_t1,0.0
Oil_Temp_C_t0,0.0
Engine_Vibration_mm_s_t1,0.0
Exhaust_Gas_Temp_C_t1,0.0
Turbo_Boost_kPa_t1,0.0
Engine_Vibration_mm_s_t2,0.0
Exhaust_Gas_Temp_C_t2,0.0
Turbo_Boost_kPa_t2,0.0
Intake_Air_Temp_C_t2,0.0
Throttle_Position_pct_t2,0.0
Engine_Load_pct_t2,0.0
RF_Abnormal_Prediction_t0,0.0
RF_Abnormal_Prediction_t18,0.0
Timestamp_Month_t18,0.0
Timestamp_DayOfWeek_t18,0.0
Throttle_Position_pct_t0,0.0
Turbo_Boost_kPa_t29,0.0
Tire_Pressure_psi_t18,0.0
Oil_Pressure_bar_t0,0.0
Timestamp_Hour_t19,0.0
Transmission_Oil_Temp_C_t19,0.0
Tire_Pressure_psi_t19,0.0
Engine_Vibration_mm_s_t19,0.0
Exhaust_Gas_Temp_C_t19,0.0
Turbo_Boost_kPa_t19,0.0
Ambient_Temp_C_t19,0.0
Intake_Air_Temp_C_t19,0.0
Throttle_Position_pct_t19,0.0
Engine_Load_pct_t19,0.0
Fuel_Level_pct_t19,0.0
Oil_Pressure_bar_t19,0.0
Oil_Temp_C_t19,0.0
Fuel_Level_pct_t20,0.0
Oil_Pressure_bar_t20,0.0
Oil_Temp_C_t20,0.0
Coolant_Temp_C_t20,0.0
Speed_kmph_t20,0.0
Engine_RPM_t20,0.0
Odometer_km_t20,0.0
Operating_Terrain_Urban_t19,0.0
Operating_Terrain_Mountain_t19,0.0
Operating_Terrain_Jungle_t19,0.0
Operating_Terrain_Desert_t19,0.0
Operating_Terrain_Arctic_t19,0.0
RF_Abnormal_Prediction_t19,0.0
RF_Abnormal_Probability_t19,0.0
Timestamp_Month_t19,0.0
Operating_Terrain_Arctic_t20,0.0
RF_Abnormal_Prediction_t20,0.0
RF_Abnormal_Probability_t20,0.0
Timestamp_Month_t20,0.0
Timestamp_DayOfWeek_t20,0.0
Timestamp_Hour_t20,0.0
Transmission_Oil_Temp_C_t20,0.0
Tire_Pressure_psi_t20,0.0
Engine_Vibration_mm_s_t20,0.0
Exhaust_Gas_Temp_C_t20,0.0
Turbo_Boost_kPa_t20,0.0
Intake_Air_Temp_C_t20,0.0
Throttle_Position_pct_t20,0.0
Engine_Load_pct_t20,0.0
Intake_Air_Temp_C_t21,0.0
Throttle_Position_pct_t21,0.0
Engine_Load_pct_t21,0.0
Fuel_Level_pct_t21,0.0
Oil_Pressure_bar_t21,0.0
Oil_Temp_C_t21,0.0
Coolant_Temp_C_t21,0.0
Speed_kmph_t21,0.0
Engine_RPM_t21,0.0
Odometer_km_t21,0.0
Operating_Terrain_Urban_t20,0.0
Operating_Terrain_Mountain_t20,0.0
Operating_Terrain_Jungle_t20,0.0
Operating_Terrain_Desert_t20,0.0
Operating_Terrain_Urban_t21,0.0
Operating_Terrain_Mountain_t21,0.0
Operating_Terrain_Jungle_t21,0.0
Operating_Terrain_Desert_t21,0.0
Operating_Terrain_Arctic_t21,0.0
RF_Abnormal_Prediction_t21,0.0
RF_Abnormal_Probability_t21,0.0
Timestamp_Month_t21,0.0
Throttle_Position_pct_t29,0.0
Timestamp_Hour_t21,0.0
Transmission_Oil_Temp_C_t21,0.0
Engine_Load_pct_t29,0.0
Engine_Vibration_mm_s_t21,0.0
Exhaust_Gas_Temp_C_t21,0.0
Turbo_Boost_kPa_t21,0.0
Engine_Vibration_mm_s_t22,0.0
Exhaust_Gas_Temp_C_t22,0.0
Turbo_Boost_kPa_t22,0.0
Fuel_Level_pct_t29,0.0
Intake_Air_Temp_C_t22,0.0
Throttle_Position_pct_t22,0.0
Engine_Load_pct_t22,0.0
Fuel_Level_pct_t22,0.0
Oil_Pressure_bar_t22,0.0
Oil_Temp_C_t22,0.0
Coolant_Temp_C_t22,0.0
Oil_Pressure_bar_t29,0.0
Engine_RPM_t22,0.0
Odometer_km_t22,0.0
Coolant_Temp_C_t23,0.0
Speed_kmph_t23,0.0
Engine_RPM_t23,0.0
Odometer_km_t23,0.0
Operating_Terrain_Urban_t22,0.0
Operating_Terrain_Mountain_t22,0.0
Operating_Terrain_Jungle_t22,0.0
Operating_Terrain_Desert_t22,0.0
Operating_Terrain_Arctic_t22,0.0
RF_Abnormal_Prediction_t22,0.0
Timestamp_Month_t22,0.0
Timestamp_DayOfWeek_t22,0.0
Timestamp_Hour_t22,0.0
Transmission_Oil_Temp_C_t22,0.0
Tire_Pressure_psi_t22,0.0
Timestamp_DayOfWeek_t23,0.0
Timestamp_Hour_t23,0.0
Oil_Temp_C_t29,0.0
Tire_Pressure_psi_t23,0.0
Engine_Vibration_mm_s_t23,0.0
Exhaust_Gas_Temp_C_t23,0.0
Turbo_Boost_kPa_t23,0.0
Ambient_Temp_C_t23,0.0
Intake_Air_Temp_C_t23,0.0
Throttle_Position_pct_t23,0.0
Engine_Load_pct_t23,0.0
Fuel_Level_pct_t23,0.0
Oil_Pressure_bar_t23,0.0
Oil_Temp_C_t23,0.0
Fuel_Level_pct_t24,0.0
Oil_Pressure_bar_t24,0.0
Oil_Temp_C_t24,0.0
Coolant_Temp_C_t24,0.0
Coolant_Temp_C_t29,0.0
Engine_RPM_t24,0.0
Odometer_km_t24,0.0
Operating_Terrain_Urban_t23,0.0
Speed_kmph_t1,0.0
Engine_RPM_t1,0.0
Odometer_km_t1,0.0
Timestamp_Hour_t29,0.0
Transmission_Oil_Temp_C_t29,0.0
Operating_Terrain_Urban_t1,0.0
Operating_Terrain_Mountain_t1,0.0
Operating_Terrain_Jungle_t1,0.0
Operating_Terrain_Desert_t1,0.0
Operating_Terrain_Arctic_t1,0.0
RF_Abnormal_Prediction_t1,0.0
RF_Abnormal_Probability_t1,0.0
Timestamp_Month_t1,0.0
Tire_Pressure_psi_t29,0.0
Operating_Terrain_Mountain_t23,0.0
Operating_Terrain_Jungle_t23,0.0
Operating_Terrain_Desert_t23,0.0
Operating_Terrain_Arctic_t23,0.0
RF_Abnormal_Prediction_t23,0.0
Timestamp_Month_t23,0.0
Operating_Terrain_Arctic_t24,0.0
RF_Abnormal_Prediction_t24,0.0
Timestamp_Month_t24,0.0
Timestamp_DayOfWeek_t24,0.0
Timestamp_Hour_t24,0.0
Transmission_Oil_Temp_C_t24,0.0
Tire_Pressure_psi_t24,0.0
Engine_Vibration_mm_s_t24,0.0
Exhaust_Gas_Temp_C_t24,0.0
Turbo_Boost_kPa_t24,0.0
Ambient_Temp_C_t24,0.0
Intake_Air_Temp_C_t24,0.0
Throttle_Position_pct_t24,0.0
Engine_Load_pct_t24,0.0
Intake_Air_Temp_C_t25,0.0
Throttle_Position_pct_t25,0.0
Engine_Load_pct_t25,0.0
Fuel_Level_pct_t25,0.0
Oil_Pressure_bar_t25,0.0
Oil_Temp_C_t25,0.0
Coolant_Temp_C_t25,0.0
Speed_kmph_t25,0.0
Engine_RPM_t25,0.0
Odometer_km_t25,0.0
Operating_Terrain_Urban_t24,0.0
Operating_Terrain_Mountain_t24,0.0
Operating_Terrain_Jungle_t24,0.0
Operating_Terrain_Desert_t24,0.0
Operating_Terrain_Urban_t25,0.0
Operating_Terrain_Mountain_t25,0.0
Operating_Terrain_Jungle_t25,0.0
Operating_Terrain_Desert_t25,0.0
Operating_Terrain_Arctic_t25,0.0
RF_Abnormal_Prediction_t25,0.0
Timestamp_Month_t25,0.0
Engine_Vibration_mm_s_t29,0.0
Timestamp_Hour_t25,0.0
Transmission_Oil_Temp_C_t25,0.0
Tire_Pressure_psi_t25,0.0
Engine_Vibration_mm_s_t25,0.0
Exhaust_Gas_Temp_C_t25,0.0
Turbo_Boost_kPa_t25,0.0
Engine_Vibration_mm_s_t26,0.0
Exhaust_Gas_Temp_C_t26,0.0
Turbo_Boost_kPa_t26,0.0
Exhaust_Gas_Temp_C_t29,0.0
Engine_Load_pct_t28,0.0
Throttle_Position_pct_t26,0.0
Engine_Load_pct_t26,0.0
Fuel_Level_pct_t26,0.0
Oil_Pressure_bar_t26,0.0
Oil_Temp_C_t26,0.0
Coolant_Temp_C_t26,0.0
Speed_kmph_t26,0.0
Engine_RPM_t26,0.0
Odometer_km_t26,0.0
Coolant_Temp_C_t27,0.0
Speed_kmph_t27,0.0
Engine_RPM_t27,0.0
Odometer_km_t27,0.0
Operating_Terrain_Urban_t26,0.0
Operating_Terrain_Mountain_t26,0.0
Operating_Terrain_Jungle_t26,0.0
Operating_Terrain_Desert_t26,0.0
Operating_Terrain_Arctic_t26,0.0
RF_Abnormal_Prediction_t26,0.0
RF_Abnormal_Probability_t26,0.0
Timestamp_Month_t26,0.0
Intake_Air_Temp_C_t3,0.0
Timestamp_Hour_t26,0.0
Transmission_Oil_Temp_C_t26,0.0
Tire_Pressure_psi_t26,0.0
Timestamp_DayOfWeek_t27,0.0
Timestamp_Hour_t27,0.0
Transmission_Oil_Temp_C_t27,0.0
Tire_Pressure_psi_t27,0.0
Engine_Vibration_mm_s_t27,0.0
Exhaust_Gas_Temp_C_t27,0.0
Turbo_Boost_kPa_t27,0.0
Throttle_Position_pct_t3,0.0
Engine_Load_pct_t3,0.0
Throttle_Position_pct_t27,0.0
Engine_Load_pct_t27,0.0
Fuel_Level_pct_t27,0.0
Oil_Pressure_bar_t27,0.0
Oil_Temp_C_t27,0.0
Fuel_Level_pct_t28,0.0
Oil_Pressure_bar_t28,0.0
Oil_Temp_C_t28,0.0
Coolant_Temp_C_t28,0.0
Speed_kmph_t28,0.0
Engine_RPM_t28,0.0
Odometer_km_t28,0.0
Operating_Terrain_Urban_t27,0.0
Operating_Terrain_Mountain_t27,0.0
Operating_Terrain_Jungle_t27,0.0
Operating_Terrain_Desert_t27,0.0
Operating_Terrain_Arctic_t27,0.0
RF_Abnormal_Prediction_t27,0.0
Timestamp_Month_t27,0.0
Operating_Terrain_Arctic_t28,0.0
RF_Abnormal_Prediction_t28,0.0
Battery_Voltage_V_t3,0.0
Timestamp_Month_t28,0.0
Fuel_Level_pct_t3,0.0
Timestamp_Hour_t28,0.0
Transmission_Oil_Temp_C_t28,0.0
Tire_Pressure_psi_t28,0.0
Engine_Vibration_mm_s_t0,0.0
Exhaust_Gas_Temp_C_t0,0.0
Turbo_Boost_kPa_t0,0.0
Intake_Air_Temp_C_t0,0.0
RF_Abnormal_Prediction_t29,0.0
Transmission_Oil_Temp_C_t0,0.0
Tire_Pressure_psi_t0,0.0
Speed_kmph_t29,0.0
Engine_RPM_t29,0.0
Odometer_km_t29,0.0
Operating_Terrain_Urban_t28,0.0
Operating_Terrain_Mountain_t28,0.0
Operating_Terrain_Jungle_t28,0.0
Operating_Terrain_Desert_t28,0.0
Oil_Temp_C_t3,0.0
Operating_Terrain_Mountain_t29,0.0
Operating_Terrain_Jungle_t29,0.0
Operating_Terrain_Desert_t29,0.0
Operating_Terrain_Arctic_t29,0.0
Timestamp_Hour_t0,0.0
Throttle_Position_pct_t28,0.0
Fuel_Level_pct_t0,0.0
Ambient_Temp_C_t1,0.0
Intake_Air_Temp_C_t1,0.0
Throttle_Position_pct_t1,0.0
Engine_Load_pct_t1,0.0
Fuel_Level_pct_t4,0.0
Fuel_Level_pct_t1,0.0
Oil_Pressure_bar_t1,0.0
Oil_Temp_C_t1,0.0
Coolant_Temp_C_t1,0.0
Engine_Vibration_mm_s_t28,0.0
Exhaust_Gas_Temp_C_t28,0.0
Turbo_Boost_kPa_t28,0.0
Oil_Pressure_bar_t4,0.0
Engine_Load_pct_t0,0.0
